,CO2,density,dBWT,dGMST,dGMSST
0,1.5,0.0017217999723129838,3.490104709929385,5.057218621590316,4.176863067584641
1,1.502085056571313,0.0018227567527185054,3.497579229438653,5.065250989829175,4.183487214188921
2,1.5041730114498966,0.0019285653156273157,3.5050537489479203,5.073283358068034,4.1901113607932015
3,1.506263868664507,0.0020394182408168967,3.512528268457188,5.081315726306894,4.196735507397483
4,1.5083576322495005,0.0021555155444882555,3.5200027879664555,5.089348094545753,4.203359654001763
5,1.510454306244842,0.002277065011276099,3.5274773074757233,5.097380462784612,4.209983800606043
6,1.512553894696111,0.0024042825337648364,3.5349518269849907,5.105412831023471,4.216607947210323
7,1.514656401654512,0.00253739245882636,3.5424263464942585,5.113445199262331,4.2232320938146035
8,1.5167618311768796,0.002676627940090158,3.5499008660035263,5.12147756750119,4.229856240418885
9,1.5188701873256876,0.0028222312958599,3.5573753855127936,5.129509935740049,4.236480387023165
10,1.5209814741690577,0.002974454371801141,3.5648499050220614,5.137542303978908,4.243104533627445
11,1.5230956957807653,0.0031335589077431877,3.572324424531329,5.145574672217767,4.249728680231725
12,1.5252128562402496,0.0032998169079639754,3.5797989440405966,5.1536070404566265,4.256352826836006
13,1.5273329596326195,0.003473511014357701,3.587273463549864,5.1616394086954855,4.262976973440287
14,1.529456010048663,0.003654934881923469,3.594747983059132,5.1696717769343445,4.269601120044567
15,1.531582011584854,0.003844393556054809,3.6022225025683996,5.1777041451732035,4.276225266648847
16,1.5337109683433605,0.004042203851157165,3.609697022077667,5.185736513412063,4.282849413253127
17,1.5358428844320533,0.0042486947301703885,3.6171715415869348,5.193768881650922,4.289473559857408
18,1.537977763964513,0.004464207684625402,3.624646061096202,5.201801249889781,4.296097706461689
19,1.540115611060038,0.004689097114918919,3.63212058060547,5.20983361812864,4.302721853065969
20,1.5422564298436532,0.0049237307105440145,3.6395951001147377,5.217865986367499,4.309345999670249
21,1.5444002244461168,0.005168489830069459,3.647069619624005,5.225898354606359,4.3159701462745295
22,1.5465469990039293,0.0054237698807138865,3.654544139133273,5.233930722845218,4.32259429287881
23,1.5486967576593411,0.005689980697411807,3.6620186586425403,5.241963091084077,4.329218439483091
24,1.5508495045603603,0.005967546921318287,3.669493178151808,5.249995459322936,4.335842586087371
25,1.553005243860761,0.0062569083777432605,3.6769676976610755,5.258027827561795,4.342466732691651
26,1.5551639797200916,0.006558520453548768,3.6844422171703433,5.266060195800655,4.3490908792959315
27,1.5573257163036816,0.006872854474078297,3.6919167366796106,5.274092564039514,4.355715025900212
28,1.5594904577826507,0.007200398079720024,3.6993912561888784,5.282124932278373,4.362339172504493
29,1.5616582083339172,0.0075416556022310285,3.7068657756981462,5.290157300517232,4.368963319108773
30,1.563828972140205,0.007897148440970779,3.7143402952074136,5.298189668756092,4.375587465713053
31,1.5660027533900522,0.008267415439206597,3.7218148147166814,5.306222036994951,4.382211612317334
32,1.568179556277819,0.008653013260662638,3.7292893342259488,5.31425440523381,4.388835758921614
33,1.5703593850036963,0.009054516766486425,3.7367638537352166,5.322286773472669,4.395459905525895
34,1.572542243773713,0.009472519392803322,3.7442383732444844,5.330319141711528,4.402084052130175
35,1.574728136799745,0.009907633529021674,3.7517128927537517,5.338351509950388,4.408708198734455
36,1.5769170682995224,0.010360490897034964,3.7591874122630196,5.346383878189247,4.415332345338736
37,1.579109042496638,0.010831742931448528,3.766661931772287,5.354416246428106,4.421956491943016
38,1.5813040636205564,0.011322061160934557,3.7741364512815547,5.362448614666965,4.428580638547297
39,1.5835021359066204,0.01183213759078722,3.781610970790822,5.370480982905825,4.435204785151577
40,1.5857032635960608,0.012362685086719982,3.78908549030009,5.378513351144684,4.4418289317558575
41,1.5879074509360032,0.012914437759907462,3.7965600098093573,5.386545719383543,4.448453078360138
42,1.5901147021794773,0.01348815135323666,3.804034529318625,5.394578087622402,4.455077224964418
43,1.5923250215854245,0.014084603628687731,3.811509048827893,5.402610455861261,4.461701371568699
44,1.5945384134187064,0.014704594755722162,3.8189835683371602,5.410642824100121,4.468325518172979
45,1.5967548819501132,0.015348947700508748,3.826458087846428,5.41867519233898,4.4749496647772595
46,1.5989744314563705,0.016018508615770807,3.8339326073556954,5.426707560577839,4.48157381138154
47,1.6011970662201505,0.0167141472309919,3.841407126864963,5.434739928816698,4.48819795798582
48,1.6034227905300769,0.01743675724266619,3.848881646374231,5.442772297055557,4.494822104590101
49,1.6056516086807355,0.0181872567042366,3.8563561658834984,5.450804665294417,4.501446251194381
50,1.6078835249726817,0.018966588415312496,3.863830685392766,5.458837033533276,4.508070397798662
51,1.6101185437124486,0.01977572030971597,3.8713052049020336,5.466869401772135,4.514694544402942
52,1.6123566692125557,0.02061564584185954,3.8787797244113014,5.474901770010994,4.521318691007222
53,1.614597905791517,0.021487384370915352,3.8862542439205687,5.4829341382498535,4.527942837611503
54,1.6168422577738497,0.02239198154219578,3.8937287634298365,5.4909665064887125,4.534566984215783
55,1.619089729490082,0.023330509665123574,3.9012032829391043,5.4989988747275715,4.541191130820064
56,1.6213403252767609,0.024304068087135734,3.9086778024483717,5.5070312429664305,4.547815277424344
57,1.6235940494764631,0.025313783562829126,3.9161523219576395,5.51506361120529,4.554439424028624
58,1.6258509064378002,0.02636081061761962,3.923626841466907,5.523095979444149,4.561063570632905
59,1.6281109005154293,0.0274463319051647,3.9311013609761747,5.531128347683008,4.5676877172371855
60,1.63037403607006,0.028571558557761126,3.938575880485442,5.539160715921867,4.574311863841466
61,1.632640317468464,0.029737730528912907,3.94605039999471,5.547193084160726,4.580936010445746
62,1.634909749083483,0.03094611692723453,3.9535249195039777,5.555225452399586,4.587560157050026
63,1.6371823352940365,0.03219801634083651,3.960999439013245,5.563257820638445,4.594184303654307
64,1.6394580804851315,0.033494757151321705,3.968473958522513,5.571290188877304,4.6008084502585875
65,1.6417369890478701,0.03483769783649976,3.97594847803178,5.579322557116163,4.607432596862868
66,1.6440190653794582,0.036228227260917754,3.983422997541048,5.587354925355022,4.614056743467148
67,1.6463043138832139,0.03766776495328469,3.990897517050316,5.595387293593882,4.620680890071428
68,1.6485927389685762,0.0391577613698624,3.998372036559583,5.603419661832741,4.627305036675709
69,1.650884345051113,0.04069969814287947,4.0058465560688505,5.6114520300716,4.63392918327999
70,1.6531791365525308,0.04229508831301959,4.013321075578118,5.619484398310459,4.64055332988427
71,1.655477117900682,0.0439454765450255,4.020795595087386,5.627516766549318,4.64717747648855
72,1.6577782935295735,0.045652439325457,4.028270114596654,5.635549134788178,4.65380162309283
73,1.660082667879376,0.04741758514163008,4.035744634105921,5.643581503027037,4.660425769697111
74,1.6623902453964328,0.04924255464076845,4.043219153615189,5.651613871265896,4.667049916301392
75,1.6647010305332663,0.05112902076838491,4.0506936731244565,5.659646239504755,4.673674062905672
76,1.6670150277485898,0.05307868888491917,4.058168192633724,5.667678607743615,4.680298209509952
77,1.669332241507313,0.05509329685964715,4.065642712142992,5.675710975982474,4.686922356114232
78,1.6716526762805528,0.0571746151408811,4.073117231652259,5.683743344221333,4.6935465027185135
79,1.6739763365456408,0.05932444680148021,4.080591751161527,5.691775712460192,4.700170649322794
80,1.6763032267861322,0.061544627558688725,4.088066270670795,5.699808080699052,4.706794795927074
81,1.6786333514918146,0.06383702576732317,4.0955407901800625,5.707840448937911,4.713418942531354
82,1.6809667151587169,0.06620354238533097,4.103015309689329,5.71587281717677,4.720043089135634
83,1.6833033222891172,0.06864611091074525,4.110489829198597,5.723905185415629,4.7266672357399155
84,1.685643177391552,0.07116669728906627,4.117964348707865,5.731937553654488,4.733291382344196
85,1.6879862849808247,0.07376729979010087,4.125438868217133,5.739969921893348,4.739915528948476
86,1.6903326495780153,0.0764499488533031,4.132913387726401,5.748002290132207,4.746539675552756
87,1.692682275710487,0.0792167069006543,4.140387907235668,5.756034658371066,4.7531638221570365
88,1.6950351679118971,0.08206966811614357,4.147862426744935,5.764067026609925,4.759787968761318
89,1.6973913307222048,0.08501095819090135,4.155336946254203,5.772099394848784,4.766412115365598
90,1.6997507686876798,0.08804273403306025,4.162811465763471,5.780131763087644,4.773036261969878
91,1.7021134863609109,0.09116718344141994,4.170285985272739,5.788164131326503,4.779660408574158
92,1.7044794883008159,0.09438652474201346,4.177760504782006,5.796196499565362,4.7862845551784385
93,1.7068487790726492,0.09770300638666948,4.1852350242912735,5.804228867804221,4.792908701782719
94,1.7092213632480113,0.10111890651269557,4.192709543800541,5.81226123604308,4.799532848387
95,1.7115972454048571,0.10463653246281536,4.200184063309809,5.8202936042819395,4.80615699499128
96,1.7139764301275058,0.10825822026450496,4.207658582819077,5.8283259725207985,4.81278114159556
97,1.716358922006648,0.11198633406789735,4.215133102328344,5.8363583407596575,4.819405288199841
98,1.7187447256393558,0.11582326554144906,4.222607621837612,5.844390708998517,4.826029434804121
99,1.7211338456290919,0.11977143322456939,4.230082141346879,5.852423077237376,4.832653581408402
100,1.7235262865857175,0.1238332818364441,4.237556660856147,5.860455445476235,4.839277728012682
101,1.7259220531255017,0.12801128154031635,4.245031180365414,5.868487813715094,4.845901874616962
102,1.7283211498711306,0.13230792716249853,4.252505699874682,5.876520181953953,4.852526021221243
103,1.7307235814517161,0.1367257373654316,4.25998021938395,5.884552550192813,4.859150167825523
104,1.7331293525028044,0.1412672537741215,4.267454738893218,5.892584918431672,4.865774314429804
105,1.7355384676663854,0.14593504005533495,4.274929258402485,5.900617286670531,4.872398461034084
106,1.7379509315909016,0.15073168094895045,4.282403777911752,5.90864965490939,4.8790226076383645
107,1.7403667489312573,0.15565978125090194,4.28987829742102,5.916682023148249,4.885646754242645
108,1.7427859243488266,0.1607219647471969,4.297352816930288,5.924714391387109,4.892270900846925
109,1.7452084625114634,0.16592087309851658,4.304827336439556,5.932746759625968,4.898895047451206
110,1.7476343680935107,0.17125916467495864,4.3123018559488235,5.940779127864827,4.905519194055486
111,1.750063645775808,0.1767395133405101,4.3197763754580905,5.948811496103686,4.9121433406597665
112,1.7524963002457021,0.1823646071869026,4.327250894967358,5.956843864342545,4.918767487264047
113,1.7549323361970548,0.18813714721652897,4.334725414476626,5.964876232581405,4.925391633868327
114,1.7573717583302533,0.19405984597416176,4.342199933985894,5.972908600820264,4.932015780472608
115,1.7598145713522175,0.2001354261272486,4.349674453495162,5.980940969059123,4.938639927076888
116,1.7622607799764112,0.20636661899463857,4.357148973004429,5.988973337297982,4.945264073681169
117,1.7647103889228493,0.21275616302361097,4.364623492513696,5.997005705536842,4.951888220285449
118,1.767163402918108,0.21930680221515872,4.372098012022964,6.005038073775701,4.958512366889729
119,1.7696198266953336,0.22602128449753475,4.379572531532232,6.01307044201456,4.96513651349401
120,1.7720796649942516,0.2329023600481089,4.387047051041499,6.021102810253419,4.97176066009829
121,1.7745429225611762,0.2399527795636698,4.394521570550767,6.029135178492279,4.978384806702571
122,1.7770096041490182,0.2471752924793355,4.401996090060035,6.037167546731138,4.985008953306851
123,1.7794797145172965,0.2545726451363459,4.409470609569302,6.045199914969997,4.991633099911131
124,1.7819532584321451,0.2621475788990181,4.41694512907857,6.053232283208856,4.998257246515412
125,1.7844302406663228,0.2699028282212613,4.424419648587837,6.061264651447715,5.0048813931196925
126,1.7869106659992235,0.27784111866309474,4.431894168097105,6.069297019686575,5.011505539723973
127,1.7893945392168842,0.2859651648576737,4.439368687606373,6.077329387925434,5.018129686328253
128,1.791881865111995,0.2942776684294176,4.4468432071156405,6.085361756164293,5.024753832932533
129,1.7943726484839073,0.3027813158638864,4.454317726624907,6.093394124403152,5.031377979536814
130,1.7968668941386445,0.3114787763301517,4.461792246134175,6.101426492642011,5.0380021261410945
131,1.7993646068889104,0.3203726994564494,4.469266765643443,6.109458860880871,5.044626272745375
132,1.8018657915540983,0.3294657130599956,4.476741285152711,6.11749122911973,5.051250419349655
133,1.804370452960301,0.3387604208319246,4.484215804661979,6.125523597358589,5.057874565953935
134,1.8068785959403197,0.34825939997838157,4.4916903241712465,6.133555965597448,5.064498712558216
135,1.8093902253336733,0.35796519881886285,4.499164843680513,6.141588333836307,5.071122859162497
136,1.8119053459866077,0.3678803343430067,4.506639363189781,6.1496207020751665,5.077747005766777
137,1.8144239627521055,0.3780072897270973,4.514113882699049,6.1576530703140255,5.084371152371057
138,1.8169460804898951,0.3883485118116041,4.521588402208316,6.1656854385528845,5.090995298975337
139,1.8194717040664596,0.3989064085412061,4.529062921717584,6.173717806791744,5.0976194455796175
140,1.8220008383550477,0.40968334636880277,4.5365374412268515,6.1817501750306025,5.104243592183899
141,1.824533488235681,0.42068164762505106,4.544011960736119,6.189782543269462,5.110867738788179
142,1.8270696585951656,0.4319035878551523,4.551486480245387,6.197814911508321,5.117491885392459
143,1.8296093543270993,0.4433513931245779,4.558960999754655,6.20584727974718,5.124116031996739
144,1.832152580331883,0.45502723729558864,4.566435519263922,6.21387964798604,5.13074017860102
145,1.8346993415167294,0.4669332392764175,4.57391003877319,6.221912016224899,5.137364325205301
146,1.8372496427956715,0.47907146024511443,4.5813845582824575,6.229944384463758,5.143988471809581
147,1.8398034890895738,0.49144390085010503,4.588859077791725,6.237976752702617,5.150612618413861
148,1.842360885326141,0.5040524983895819,4.596333597300992,6.246009120941476,5.157236765018141
149,1.8449218364399276,0.5168991239719449,4.60380811681026,6.254041489180336,5.163860911622422
150,1.8474863473723464,0.5299855796595874,4.611282636319528,6.262073857419195,5.170485058226703
151,1.8500544230716796,0.5433135955983477,4.618757155828796,6.270106225658054,5.177109204830983
152,1.852626068493088,0.5568848271351139,4.6262316753380635,6.278138593896913,5.183733351435263
153,1.8552012885986195,0.5707008519260153,4.633706194847331,6.286170962135772,5.1903574980395435
154,1.8577800883572202,0.5847631670378359,4.641180714356598,6.294203330374632,5.196981644643824
155,1.8603624727447428,0.5990731860452367,4.648655233865866,6.302235698613491,5.203605791248105
156,1.8629484467439568,0.6136322361265297,4.656129753375134,6.31026806685235,5.210229937852385
157,1.8655380153445573,0.6284415551607587,4.663604272884401,6.318300435091209,5.216854084456665
158,1.8681311835431762,0.6435022888289188,4.6710787923936685,6.326332803330068,5.2234782310609456
159,1.8707279563433907,0.6588154877222099,4.678553311902936,6.334365171568928,5.230102377665226
160,1.8733283387557327,0.6743821044602681,4.686027831412204,6.342397539807787,5.236726524269507
161,1.8759323357976991,0.6902029908224045,4.693502350921472,6.350429908046646,5.243350670873787
162,1.8785399524937616,0.7062788948948824,4.70097687043074,6.358462276285506,5.249974817478067
163,1.881151193875376,0.7226104582373433,4.708451389940007,6.366494644524365,5.256598964082348
164,1.8837660649809913,0.7391982130715584,4.7159259094492745,6.374527012763224,5.263223110686628
165,1.8863845708560614,0.7560425794957067,4.723400428958542,6.382559381002083,5.269847257290909
166,1.889006716553053,0.7731438627273658,4.73087494846781,6.390591749240942,5.276471403895189
167,1.8916325071314553,0.7905022503785686,4.738349467977077,6.398624117479802,5.283095550499469
168,1.894261947657791,0.8081178097662001,4.745823987486345,6.406656485718661,5.28971969710375
169,1.896895043205626,0.8259904852610722,4.753298506995613,6.41468885395752,5.29634384370803
170,1.8995317988555775,0.8441200956790558,4.76077302650488,6.422721222196379,5.302967990312311
171,1.9021722196953255,0.8625063317176662,4.768247546014148,6.430753590435238,5.309592136916591
172,1.9048163108196223,0.881148753441526,4.775722065523416,6.438785958674098,5.3162162835208715
173,1.9074640773303013,0.900046787820093,4.783196585032683,6.446818326912957,5.322840430125152
174,1.9101155243362888,0.9191997263211517,4.790671104541951,6.454850695151816,5.329464576729432
175,1.9127706569536118,0.9386067225634652,4.798145624051219,6.462883063390675,5.336088723333713
176,1.915429480305409,0.9582667900320624,4.8056201435604855,6.470915431629534,5.342712869937993
177,1.918091999521941,0.9781787998596125,4.813094663069753,6.4789477998683935,5.349337016542274
178,1.9207582197405983,0.9983414786773162,4.820569182579021,6.4869801681072525,5.355961163146554
179,1.9234281461059144,1.018753406538758,4.828043702088289,6.4950125363461115,5.362585309750834
180,1.9261017837695722,1.0394130149201417,4.835518221597557,6.503044904584971,5.369209456355115
181,1.9287791378904164,1.0603185848002923,4.8429927411068245,6.5110772728238295,5.375833602959395
182,1.9314602136344632,1.0814682448238104,4.8504672606160915,6.519109641062689,5.382457749563676
183,1.9341450161749085,1.1028599695507393,4.857941780125359,6.527142009301548,5.389081896167956
184,1.9368335506921408,1.1244915777960316,4.865416299634627,6.535174377540407,5.395706042772236
185,1.9395258223737475,1.146360731062097,4.872890819143894,6.543206745779267,5.402330189376517
186,1.942221836414529,1.1684649320676959,4.880365338653162,6.551239114018126,5.4089543359807974
187,1.9449215980165049,1.1908015233763,4.88783985816243,6.559271482256985,5.415578482585078
188,1.9476251123889268,1.2133676861271123,4.895314377671697,6.567303850495844,5.422202629189358
189,1.9503323847482874,1.2361604388717924,4.902788897180965,6.575336218734703,5.428826775793638
190,1.95304342031833,1.2591766365198729,4.910263416690233,6.583368586973563,5.435450922397919
191,1.95575822433006,1.2824129693958592,4.9177379361995,6.591400955212422,5.4420750690021995
192,1.9584768020217524,1.30586596241084,4.925212455708768,6.599433323451281,5.44869921560648
193,1.9611991586389659,1.3295319743514278,4.932686975218036,6.60746569169014,5.45532336221076
194,1.9639252994345484,1.3534071972887125,4.940161494727303,6.615498059928999,5.46194750881504
195,1.966655229668651,1.3774876561098857,4.94763601423657,6.623530428167859,5.468571655419321
196,1.9693889546087362,1.4017692081750281,4.955110533745838,6.631562796406718,5.475195802023602
197,1.9721264795295883,1.426247543101517,4.962585053255106,6.639595164645577,5.481819948627882
198,1.9748678097133243,1.4509181826783695,4.970059572764374,6.647627532884436,5.488444095232162
199,1.9776129504494027,1.4757764809127836,4.9775340922736415,6.655659901123295,5.495068241836442
200,1.980361907034635,1.5008176242109372,4.985008611782909,6.663692269362155,5.501692388440723
201,1.9831146847731953,1.5260366316950942,4.992483131292176,6.671724637601014,5.508316535045004
202,1.9858712889766312,1.55142835565888,4.999957650801444,6.679757005839873,5.514940681649284
203,1.988631724963873,1.5769874821624705,5.007432170310712,6.687789374078733,5.521564828253564
204,1.9913959980612446,1.6027085317693632,5.014906689819979,6.695821742317591,5.528188974857844
205,1.9941641136024744,1.6285858604261896,5.022381209329247,6.703854110556451,5.5348131214621255
206,1.9969360769287032,1.654613660486931,5.029855728838514,6.71188647879531,5.541437268066406
207,1.9997118933884983,1.6807859618828576,5.037330248347782,6.719918847034169,5.548061414670686
208,2.00249156833786,1.7070966334390831,5.04480476785705,6.727951215273029,5.554685561274966
209,2.0052751071402346,1.7335393843388818,5.052279287366318,6.735983583511888,5.561309707879246
210,2.0080625151665235,1.760107765736388,5.059753806875585,6.744015951750747,5.5679338544835275
211,2.0108537977950935,1.7867951725184132,5.0672283263848525,6.752048319989606,5.574558001087808
212,2.013648960411789,1.8135948452158235,5.07470284589412,6.760080688228465,5.581182147692088
213,2.0164480084099385,1.8404998720647587,5.082177365403388,6.768113056467325,5.587806294296368
214,2.0192509471903697,1.8675031912179496,5.089651884912655,6.776145424706184,5.5944304409006484
215,2.022057782161416,1.894597593106002,5.097126404421923,6.784177792945043,5.60105458750493
216,2.0248685187389293,1.9217757229486037,5.104600923931191,6.792210161183902,5.60767873410921
217,2.0276831623462903,1.9490300834152106,5.1120754434404585,6.800242529422761,5.61430288071349
218,2.0305017184144174,1.976353037434761,5.119549962949726,6.8082748976616205,5.62092702731777
219,2.0333241923817793,2.003736811153747,5.127024482458994,6.8163072659004795,5.6275511739220505
220,2.036150589694403,2.031173497041747,5.134499001968261,6.8243396341393385,5.634175320526332
221,2.0389809158058867,2.0586550571434072,5.141973521477529,6.8323720023781975,5.640799467130612
222,2.041815176177409,2.086173326475765,5.149448040986797,6.8404043706170565,5.647423613734892
223,2.044653376277739,2.1137200165693533,5.156922560496064,6.848436738855916,5.654047760339172
224,2.047495521583249,2.141286719151742,5.164397080005331,6.856469107094775,5.660671906943453
225,2.0503416175779234,2.168864909971642,5.171871599514599,6.864501475333634,5.667296053547734
226,2.0531916697533688,2.196445952761733,5.179346119023867,6.872533843572494,5.673920200152014
227,2.056045683608825,2.2240211033381594,5.186820638533135,6.880566211811353,5.680544346756294
228,2.0589036646511776,2.251581513834422,5.194295158042403,6.888598580050212,5.687168493360574
229,2.061765618394965,2.2791182370671605,5.2017696775516695,6.896630948289071,5.693792639964855
230,2.064631550362393,2.3066222310314575,5.209244197060937,6.90466331652793,5.700416786569136
231,2.0675014660833417,2.3340843635225945,5.216718716570205,6.91269568476679,5.707040933173416
232,2.070375371095379,2.361495416881587,5.224193236079472,6.920728053005649,5.713665079777696
233,2.073253270943771,2.3888460928612263,5.23166775558874,6.928760421244508,5.7202892263819765
234,2.0761351711814893,2.416127017609418,5.239142275098008,6.936792789483367,5.726913372986257
235,2.079021077369227,2.443328746766452,5.2466167946072755,6.944825157722226,5.733537519590538
236,2.081910995075405,2.470441770672377,5.254091314116543,6.952857525961086,5.740161666194818
237,2.0848049298761855,2.497456519681073,5.261565833625811,6.960889894199945,5.746785812799098
238,2.0877028873554817,2.524363369576764,5.269040353135078,6.968922262438804,5.7534099594033785
239,2.0906048731049682,2.5511526470891686,5.276514872644346,6.976954630677663,5.760034106007659
240,2.093510892724093,2.577814635502935,5.283989392153614,6.984986998916522,5.76665825261194
241,2.096420951820086,2.604339580357044,5.291463911662881,6.993019367155382,5.77328239921622
242,2.0993350560079738,2.630717695229743,5.298938431172148,7.001051735394241,5.7799065458205
243,2.102253210910585,2.656939167604256,5.306412950681416,7.0090841036331,5.786530692424781
244,2.1051754221585672,2.6829941648106757,5.313887470190684,7.01711647187196,5.793154839029061
245,2.108101695390393,2.7088728400389783,5.321361989699952,7.025148840110818,5.799778985633342
246,2.1110320362523725,2.734565338418275,5.32883650920922,7.033181208349678,5.806403132237622
247,2.1139664503986664,2.7600618031571353,5.336311028718487,7.041213576588537,5.813027278841902
248,2.1169049434912925,2.7853523817397035,5.343785548227754,7.049245944827396,5.819651425446183
249,2.1198475212001404,2.810427232172348,5.351260067737022,7.057278313066256,5.826275572050463
250,2.1227941892029807,2.835276529275336,5.35873458724629,7.065310681305114,5.832899718654744
251,2.1257449531854755,2.8598904710140105,5.366209106755557,7.073343049543974,5.839523865259024
252,2.1286998188411923,2.88425928486387,5.373683626264825,7.081375417782833,5.8461480118633045
253,2.131658791871611,2.908373234203817,5.3811581457740925,7.089407786021692,5.852772158467585
254,2.1346218779861372,2.932222624731804,5.38863266528336,7.097440154260552,5.859396305071865
255,2.137589082902113,2.955797810897046,5.396107184792628,7.105472522499411,5.866020451676146
256,2.140560412344828,2.9790892023428497,5.403581704301896,7.11350489073827,5.872644598280426
257,2.1435358720475293,3.002087270354135,5.411056223811163,7.121537258977129,5.8792687448847065
258,2.1465154677514344,3.0247825543036506,5.418530743320431,7.129569627215988,5.885892891488987
259,2.1494992052057413,3.047165668090717,5.426005262829698,7.1376019954548475,5.892517038093267
260,2.152487090167639,3.0692273065665696,5.433479782338966,7.1456343636937065,5.899141184697548
261,2.1554791284023196,3.0909582519400978,5.440954301848233,7.1536667319325655,5.905765331301828
262,2.1584753256829887,3.112349380157849,5.448428821357501,7.161699100171425,5.912389477906109
263,2.161475687790877,3.133391667252181,5.455903340866769,7.1697314684102835,5.919013624510389
264,2.1644802205152516,3.1540761956514243,5.463377860376037,7.177763836649143,5.925637771114669
265,2.1674889296534263,3.174394160445872,5.470852379885304,7.185796204888002,5.93226191771895
266,2.1705018210107747,3.194336875603523,5.478326899394571,7.193828573126861,5.93888606432323
267,2.173518900400738,3.2138957801294232,5.485801418903839,7.201860941365721,5.945510210927511
268,2.176540173644841,3.233062444162553,5.493275938413107,7.209893309604579,5.952134357531791
269,2.179565646572698,3.251828575004202,5.500750457922374,7.217925677843439,5.958758504136071
270,2.1825953250220276,3.2701860230717763,5.508224977431642,7.225958046082298,5.965382650740352
271,2.185629214838664,3.288126787772251,5.515699496940909,7.233990414321157,5.9720067973446325
272,2.188667321876566,3.3056430232891048,5.523174016450177,7.242022782560017,5.978630943948913
273,2.1917096519978303,3.322727044277139,5.530648535959445,7.250055150798875,5.985255090553193
274,2.194756211072703,3.339371331459349,5.538123055468713,7.258087519037735,5.991879237157473
275,2.197807004979588,3.3555685371200745,5.545597574977981,7.266119887276594,5.998503383761754
276,2.2008620396050613,3.3713114904889743,5.553072094487248,7.274152255515453,6.0051275303660345
277,2.203921320843883,3.3865932030102868,5.560546613996515,7.282184623754313,6.011751676970315
278,2.2069848545990047,3.401406873491914,5.568021133505783,7.290216991993172,6.018375823574595
279,2.210052646781585,3.4157458931291025,5.57549565301505,7.298249360232031,6.024999970178875
280,2.213124703310998,3.4296038503976183,5.582970172524318,7.30628172847089,6.031624116783156
281,2.216201030114847,3.4429745358111954,5.590444692033586,7.314314096709749,6.038248263387437
282,2.219281633128975,3.4558519465385076,5.5979192115428535,7.322346464948609,6.044872409991717
283,2.2223665182974752,3.4682302908747977,5.605393731052121,7.330378833187468,6.051496556595997
284,2.2254556915727033,3.480103992563554,5.612868250561389,7.338411201426327,6.058120703200277
285,2.22854915891529,3.491467694963721,5.620342770070657,7.346443569665187,6.064744849804558
286,2.2316469262941503,3.50231626505813,5.627817289579924,7.354475937904045,6.071368996408839
287,2.234748999686497,3.512644797298972,5.635291809089192,7.362508306142905,6.077993143013119
288,2.2378553850778515,3.5224486172862997,5.642766328598459,7.370540674381764,6.084617289617399
289,2.240966088462055,3.5317232852757225,5.650240848107726,7.378573042620623,6.091241436221679
290,2.24408111584128,3.540464599511586,5.657715367616994,7.386605410859483,6.0978655828259605
291,2.247200473226043,3.5486685993822795,5.665189887126262,7.394637779098341,6.104489729430241
292,2.250324166635215,3.556331568394213,5.67266440663553,7.402670147337201,6.111113876034521
293,2.253452202096033,3.5634500369614956,5.680138926144798,7.41070251557606,6.117738022638801
294,2.2565845856441133,3.570020785008298,5.6876134456540655,7.418734883814919,6.124362169243081
295,2.2597213233234603,3.5760408443813057,5.695087965163332,7.426767252053779,6.1309863158473625
296,2.262862421186482,3.581507501069601,5.7025624846726,7.434799620292638,6.137610462451643
297,2.2660078852939973,3.586418297229789,5.710037004181868,7.442831988531497,6.144234609055923
298,2.26915772171525,3.5907710330142524,5.717511523691135,7.450864356770356,6.150858755660203
299,2.272311936527922,3.594563768200582,5.724986043200403,7.458896725009215,6.1574829022644835
300,2.2754705358181426,3.5977948236205504,5.7324605627096705,7.4669290932480745,6.164107048868765
301,2.2786335256805006,3.6004627823872153,5.739935082218938,7.4749614614869335,6.170731195473045
302,2.2818009122180567,3.60256649091882,5.747409601728206,7.4829938297257925,6.177355342077325
303,2.284972701542356,3.60410505975854,5.754884121237474,7.491026197964652,6.183979488681605
304,2.288148899773437,3.605077864189242,5.762358640746742,7.4990585662035105,6.1906036352858855
305,2.2913295130398477,3.6054845446426893,5.769833160256009,7.50709093444237,6.197227781890167
306,2.2945145474786526,3.6053250069028255,5.7773076797652765,7.515123302681229,6.203851928494446
307,2.2977040092354484,3.604599422103005,5.784782199274543,7.523155670920088,6.210476075098727
308,2.300897904464374,3.6033082265172416,5.792256718783811,7.531188039158948,6.217100221703007
309,2.304096239328123,3.601452121145848,5.799731238293079,7.539220407397806,6.223724368307288
310,2.307299019997956,3.599032071095857,5.807205757802347,7.547252775636666,6.230348514911569
311,2.31050625265371,3.596049304757166,5.814680277311615,7.555285143875525,6.236972661515848
312,2.3137179434838138,3.5925053127751974,5.822154796820882,7.563317512114384,6.243596808120129
313,2.316934098685298,3.5884018468213768,5.82962931633015,7.571349880353244,6.250220954724409
314,2.3201547244638063,3.5837409181627997,5.837103835839417,7.579382248592102,6.25684510132869
315,2.3233798270336106,3.57852479603269,5.844578355348685,7.587414616830962,6.263469247932971
316,2.326609412617619,3.572756005803496,5.852052874857952,7.595446985069821,6.27009339453725
317,2.329843487447391,3.5664373269646825,5.85952739436722,7.60347935330868,6.276717541141531
318,2.3330820577631464,3.559571790907449,5.8670019138764875,7.61151172154754,6.2833416877458115
319,2.336325129813781,3.552162678518802,5.874476433385755,7.619544089786399,6.289965834350092
320,2.3395727098568755,3.5442135175876945,5.881950952895023,7.627576458025258,6.296589980954373
321,2.34282480415871,3.535728080026016,5.889425472404291,7.635608826264117,6.303214127558652
322,2.3460814189942742,3.5267103789075014,5.896899991913559,7.643641194502976,6.309838274162933
323,2.3493425606472806,3.517164665327811,5.904374511422826,7.651673562741836,6.3164624207672135
324,2.3526082354101763,3.507095425089125,5.9118490309320935,7.659705930980695,6.323086567371494
325,2.3558784495841545,3.496507375212919,5.919323550441361,7.667738299219554,6.329710713975775
326,2.359153209479168,3.4854054602846354,5.926798069950628,7.675770667458414,6.336334860580054
327,2.3624325214139406,3.4737948486341725,5.934272589459896,7.683803035697272,6.342959007184335
328,2.365716391715979,3.461680928356373,5.941747108969164,7.691835403936132,6.349583153788616
329,2.369004826721586,3.4490693031756425,5.949221628478432,7.699867772174991,6.356207300392896
330,2.3722978327758715,3.435965788159163,5.956696147987699,7.70790014041385,6.362831446997177
331,2.3755954162327657,3.422376405283318,5.964170667496967,7.71593250865271,6.369455593601456
332,2.3788975834550308,3.4083073788578795,5.971645187006235,7.723964876891568,6.376079740205737
333,2.3822043408142735,3.393765130812904,5.979119706515502,7.731997245130428,6.382703886810018
334,2.3855156946909566,3.378756275853221,5.98659422602477,7.740029613369287,6.389328033414298
335,2.388831651474414,3.363287616485597,5.994068745534037,7.748061981608146,6.395952180018579
336,2.3921522175628587,3.347366137923813,6.0015432650433045,7.756094349847006,6.402576326622858
337,2.3954773993633993,3.330999002876838,6.009017784552572,7.764126718085864,6.4092004732271395
338,2.398807203292049,3.3141935462256287,6.01649230406184,7.772159086324724,6.41582461983142
339,2.402141635773741,3.2969572695938933,6.023966823571108,7.780191454563583,6.4224487664357
340,2.4054807032423375,3.2792978358185225,6.031441343080376,7.788223822802442,6.429072913039981
341,2.4088244121406457,3.2612230633252426,6.0389158625896435,7.7962561910413015,6.43569705964426
342,2.4121727689204278,3.2427409204152537,6.04639038209891,7.8042885592801605,6.4423212062485415
343,2.4155257800424144,3.2238595194686037,6.053864901608178,7.8123209275190195,6.448945352852822
344,2.418883451976317,3.2045871110702184,6.061339421117446,7.8203532957578785,6.455569499457102
345,2.4222457912008393,3.1849320780643207,6.068813940626713,7.8283856639967375,6.462193646061383
346,2.425612804203692,3.1649029295433344,6.076288460135981,7.836418032235597,6.4688177926656625
347,2.428984497481603,3.144508294777136,6.083762979645249,7.844450400474456,6.475441939269944
348,2.4323608775403303,3.1237569170886457,6.091237499154516,7.852482768713315,6.482066085874224
349,2.435741950894677,3.1026576476818026,6.098712018663784,7.860515136952175,6.488690232478504
350,2.439127724068501,3.081219439427919,6.106186538173052,7.868547505191033,6.495314379082785
351,2.4425182035947284,3.0594513406164503,6.11366105768232,7.876579873429893,6.5019385256870645
352,2.4459133960153663,3.0373624886761466,6.121135577191587,7.884612241668752,6.508562672291346
353,2.4493133078815164,3.0149621038726786,6.1286100967008545,7.892644609907611,6.515186818895626
354,2.4527179457533848,2.9922594829886338,6.1360846162101215,7.900676978146471,6.521810965499906
355,2.456127316200299,2.9692639929919387,6.143559135719389,7.908709346385329,6.528435112104187
356,2.4595414258007153,2.9459850646985357,6.151033655228657,7.916741714624189,6.535059258708467
357,2.462960281142237,2.922432186435285,6.158508174737925,7.924774082863048,6.541683405312748
358,2.466383888821623,2.8986148977089474,6.165982694247193,7.932806451101907,6.548307551917028
359,2.469812255444802,2.8745427828869046,6.1734572137564605,7.940838819340767,6.554931698521308
360,2.473245387626885,2.850225464895552,6.180931733265728,7.948871187579626,6.561555845125589
361,2.4766832919921793,2.8256725989418308,6.188406252774995,7.956903555818485,6.568179991729869
362,2.480125975174199,2.8008938662636353,6.195880772284263,7.964935924057344,6.57480413833415
363,2.4835734438156796,2.7758989679145594,6.20335529179353,7.972968292296203,6.58142828493843
364,2.4870257045685906,2.7506976185883407,6.210829811302798,7.981000660535063,6.58805243154271
365,2.4904827640941476,2.725299540488516,6.218304330812066,7.989033028773922,6.594676578146991
366,2.4939446290628253,2.699714457248296,6.225778850321333,7.997065397012781,6.601300724751271
367,2.4974113061543712,2.6739520879060055,6.233253369830601,8.00509776525164,6.607924871355552
368,2.500882802057817,2.648022140941021,6.240727889339869,8.013130133490499,6.614549017959832
369,2.504359123471493,2.6219343083751037,6.248202408849137,8.021162501729359,6.621173164564112
370,2.5078402771030412,2.5956982599440095,6.255676928358404,8.029194869968219,6.627797311168393
371,2.511326269669426,2.569323637343967,6.2631514478676715,8.037227238207077,6.634421457772673
372,2.51481710789695,2.542820048557674,6.270625967376939,8.045259606445937,6.641045604376954
373,2.5183127985212637,2.516197062264163,6.278100486886206,8.053291974684795,6.647669750981234
374,2.5218133482873832,2.4894642023367592,6.285575006395474,8.061324342923655,6.654293897585514
375,2.5253187639496977,2.462630942433534,6.293049525904742,8.069356711162513,6.6609180441897955
376,2.5288290522719863,2.435706700683909,6.30052404541401,8.077389079401373,6.667542190794075
377,2.532344220027431,2.4087008344755407,6.3079985649232775,8.085421447640233,6.674166337398356
378,2.5358642739986275,2.381622635345101,6.315473084432545,8.09345381587909,6.680790484002636
379,2.5393892209776006,2.354481323976472,6.322947603941813,8.10148618411795,6.687414630606916
380,2.5429190677658142,2.327286045309879,6.33042212345108,8.10951855235681,6.6940387772111976
381,2.5464538211741896,2.300045863764997,6.337896642960348,8.117550920595669,6.700662923815477
382,2.5499934880231128,2.272769758581415,6.345371162469615,8.125583288834529,6.707287070419758
383,2.5535380751424515,2.2454666192791053,6.3528456819788826,8.133615657073388,6.713911217024038
384,2.557087589371567,2.2181452412418246,6.36032020148815,8.141648025312247,6.7205353636283185
385,2.5606420375593286,2.190814321425992,6.367794720997418,8.149680393551105,6.7271595102326
386,2.5642014265641246,2.1634824541975,6.375269240506686,8.157712761789965,6.733783656836879
387,2.5677657632538766,2.136158127298714,6.382743760015954,8.165745130028824,6.74040780344116
388,2.571335054506054,2.108849717947716,6.390218279525222,8.173777498267683,6.74703195004544
389,2.574909307207684,2.0815654890718576,6.3976927990344885,8.181809866506542,6.7536560966497206
390,2.57848852825537,2.054313585677198,6.405167318543756,8.189842234745402,6.760280243254002
391,2.582072724555299,2.0271020313556023,6.412641838053024,8.19787460298426,6.766904389858281
392,2.5856619030232606,1.999938724930815,6.420116357562291,8.20590697122312,6.773528536462562
393,2.5892560705846557,1.9728314372448277,6.427590877071559,8.21393933946198,6.780152683066842
394,2.5928552341745124,1.94578780808559,6.435065396580827,8.221971707700838,6.786776829671123
395,2.5964594007374986,1.9188153432570403,6.4425399160900945,8.230004075939698,6.793400976275404
396,2.6000685772279355,1.8919214117921823,6.450014435599362,8.238036444178556,6.800025122879683
397,2.603682770609811,1.8651132433098452,6.45748895510863,8.246068812417416,6.806649269483964
398,2.6073019878567942,1.838397925515498,6.464963474617898,8.254101180656274,6.813273416088244
399,2.6109262359522463,1.8117824018465156,6.472437994127165,8.262133548895134,6.819897562692525
400,2.6145555218892373,1.7852734692618637,6.479912513636433,8.270165917133994,6.826521709296806
401,2.618189852670556,1.7588777761763237,6.4873870331456995,8.278198285372852,6.833145855901085
402,2.6218292353087267,1.7326018205389122,6.494861552654967,8.286230653611712,6.839770002505366
403,2.625473676826021,1.7064519480552967,6.502336072164235,8.294263021850572,6.8463941491096465
404,2.629123184254471,1.6804343505536095,6.509810591673503,8.30229539008943,6.853018295713927
405,2.6327777646358856,1.654555064493074,6.517285111182771,8.31032775832829,6.859642442318208
406,2.6364374250218594,1.628819969614673,6.524759630692039,8.31836012656715,6.866266588922487
407,2.6401021724737914,1.6032347877328663,6.532234150201306,8.326392494806008,6.872890735526768
408,2.643772014062894,1.5778050816674272,6.539708669710573,8.334424863044866,6.879514882131049
409,2.6474469568702115,1.5525362543140426,6.547183189219841,8.342457231283726,6.886139028735329
410,2.651127007986628,1.527433547852535,6.554657708729108,8.350489599522586,6.89276317533961
411,2.654812174512887,1.5025020430910758,6.562132228238376,8.358521967761444,6.899387321943889
412,2.6585024635596,1.4777466589450061,6.569606747747644,8.366554336000304,6.90601146854817
413,2.6621978822472645,1.4531721520483964,6.5770812672569114,8.374586704239164,6.912635615152451
414,2.665898437706275,1.4287831164966902,6.584555786766179,8.382619072478022,6.919259761756731
415,2.669604137076937,1.4045839837184342,6.592030306275447,8.390651440716882,6.925883908361012
416,2.6733149875094813,1.3805790224740742,6.599504825784715,8.398683808955742,6.932508054965291
417,2.6770309961640795,1.3567723389797355,6.606979345293982,8.4067161771946,6.9391322015695724
418,2.680752170210853,1.333167877153762,6.61445386480325,8.41474854543346,6.945756348173853
419,2.684478516829893,1.3097694189836273,6.621928384312517,8.422780913672318,6.952380494778133
420,2.68821004321127,1.2865805850109129,6.629402903821784,8.430813281911178,6.959004641382414
421,2.691946756555048,1.2636048349318205,6.636877423331052,8.438845650150036,6.965628787986693
422,2.6956886640713016,1.2408454683106027,6.64435194284032,8.446878018388896,6.9722529345909745
423,2.6994357729801255,1.218305625403364,6.651826462349588,8.454910386627756,6.978877081195255
424,2.7031880905116523,1.1959882880894084,6.6593009818588556,8.462942754866614,6.985501227799535
425,2.706945623906063,1.1738962809074684,6.666775501368123,8.470975123105474,6.992125374403816
426,2.710708380413605,1.1520322721938145,6.674250020877391,8.479007491344333,6.998749521008095
427,2.7144763672946017,1.1303987753195381,6.681724540386658,8.487039859583192,7.005373667612377
428,2.718249591819469,1.1089981500238373,6.689199059895926,8.495072227822051,7.011997814216657
429,2.722028061268731,1.087832603840491,6.696673579405193,8.503104596060911,7.018621960820937
430,2.725811782933029,1.066904193614345,6.704148098914461,8.51113696429977,7.025246107425217
431,2.7296007641131403,1.0462148271047744,6.711622618423728,8.51916933253863,7.0318702540294975
432,2.7333950121199906,1.0257662646729917,6.719097137932996,8.527201700777487,7.038494400633779
433,2.7371945342746673,1.0055601210500633,6.726571657442264,8.535234069016347,7.045118547238059
434,2.7409993379084354,0.9855978671823976,6.734046176951532,8.543266437255205,7.051742693842339
435,2.744809430362749,0.965880832151602,6.7415206964608,8.551298805494065,7.058366840446619
436,2.748624818989269,0.9464102051653671,6.748995215970067,8.559331173732925,7.0649909870509
437,2.7524455111498742,0.9271870376162634,6.756469735479334,8.567363541971783,7.071615133655181
438,2.756271514216677,0.9082122452051498,6.763944254988602,8.575395910210643,7.078239280259461
439,2.7601028355720376,0.8894866101259308,6.771418774497869,8.583428278449503,7.084863426863741
440,2.763939482608577,0.8710107833084835,6.778893294007137,8.591460646688361,7.091487573468021
441,2.7677814627291935,0.8527852867164434,6.786367813516405,8.599493014927221,7.098111720072302
442,2.771628783347075,0.8348105156966785,6.7938423330256725,8.60752538316608,7.104735866676583
443,2.775481451885714,0.8170867413771449,6.80131685253494,8.615557751404939,7.111360013280863
444,2.779339475778922,0.7996141131100264,6.808791372044208,8.623590119643797,7.117984159885143
445,2.783202862470844,0.7823926609568378,6.816265891553476,8.631622487882657,7.1246083064894234
446,2.787071619415972,0.7654222982124574,6.823740411062743,8.639654856121517,7.131232453093704
447,2.7909457540791607,0.7487028239648217,6.831214930572011,8.647687224360375,7.137856599697985
448,2.7948252739356416,0.7322339256872521,6.838689450081278,8.655719592599235,7.144480746302265
449,2.7987101864710358,0.7160151818603081,6.846163969590545,8.663751960838095,7.151104892906545
450,2.8026004991813704,0.7000460646200796,6.853638489099813,8.671784329076953,7.1577290395108255
451,2.8064962195730927,0.6843259424299694,6.861113008609081,8.679816697315813,7.164353186115106
452,2.810397355163084,0.6688540827729569,6.868587528118349,8.687849065554673,7.170977332719387
453,2.814303913478673,0.6536296548614237,6.876062047627617,8.69588143379353,7.177601479323667
454,2.8182159020576534,0.6386517323616511,6.883536567136884,8.70391380203239,7.184225625927947
455,2.8221333284482966,0.6239192961301914,6.891011086646151,8.711946170271249,7.190849772532228
456,2.826056200209365,0.6094312369592778,6.898485606155419,8.719978538510109,7.197473919136508
457,2.829984524910129,0.5951863583286097,6.905960125664686,8.728010906748967,7.204098065740789
458,2.8339183101303815,0.5811833791607667,6.913434645173954,8.736043274987827,7.210722212345069
459,2.8378575634604495,0.5674209365776994,6.920909164683222,8.744075643226687,7.217346358949349
460,2.841802292501212,0.5538975886557154,6.9283836841924895,8.752108011465545,7.22397050555363
461,2.8457525048641132,0.5406118171764409,6.935858203701757,8.760140379704405,7.23059465215791
462,2.8497082081711786,0.5275620303713677,6.943332723211025,8.768172747943265,7.237218798762191
463,2.853669410055027,0.5147465656575944,6.950807242720293,8.776205116182123,7.243842945366471
464,2.857636118158887,0.5021636923624453,6.95828176222956,8.784237484420983,7.2504670919707515
465,2.861608340136613,0.48981161443475535,6.965756281738828,8.79226985265984,7.257091238575032
466,2.865586083652697,0.4776884731406413,6.9732308012480955,8.8003022208987,7.263715385179312
467,2.869569356382286,0.4657923497416489,6.980705320757362,8.808334589137559,7.270339531783593
468,2.873558166011195,0.45412126815325377,6.98817984026663,8.816366957376419,7.276963678387873
469,2.8775525202359233,0.44267319758176105,6.995654359775898,8.824399325615278,7.2835878249921535
470,2.8815524267636676,0.43144605513771395,7.003128879285166,8.832431693854137,7.290211971596434
471,2.8855578933123387,0.4204377084239686,7.010603398794434,8.840464062092996,7.296836118200714
472,2.8895689276105756,0.40964597809673375,7.018077918303701,8.848496430331856,7.303460264804995
473,2.89358553739776,0.3990686403978653,7.025552437812969,8.856528798570714,7.310084411409275
474,2.8976077304240317,0.38870342965683025,7.033026957322236,8.864561166809574,7.316708558013556
475,2.901635514450304,0.3785480407608275,7.040501476831504,8.872593535048434,7.323332704617836
476,2.9056688972482774,0.3686001315915722,7.047975996340771,8.880625903287292,7.329956851222116
477,2.9097078866004558,0.3588573254274138,7.055450515850039,8.888658271526152,7.336580997826397
478,2.9137524903001606,0.34931721330943527,7.0629250353593065,8.89669063976501,7.343205144430677
479,2.917802716151548,0.33997735637032095,7.070399554868574,8.90472300800387,7.349829291034958
480,2.921858571969619,0.33083528812482405,7.077874074377842,8.912755376242728,7.356453437639238
481,2.925920065580241,0.3218885167207437,7.08534859388711,8.920787744481588,7.363077584243518
482,2.9299872048201574,0.3131345271493783,7.092823113396378,8.928820112720448,7.369701730847799
483,2.9340599975370063,0.3045707834145192,7.100297632905645,8.936852480959306,7.3763258774520795
484,2.9381384515893343,0.2961947306591055,7.1077721524149124,8.944884849198166,7.38295002405636
485,2.94222257484661,0.28800379724869846,7.115246671924179,8.952917217437026,7.38957417066064
486,2.9463123751892435,0.2799953968110737,7.122721191433447,8.960949585675884,7.39619831726492
487,2.950407860508596,0.27216693023122307,7.130195710942715,8.968981953914744,7.402822463869201
488,2.954509038707001,0.2645157876011627,7.137670230451983,8.977014322153604,7.409446610473481
489,2.958615917697774,0.25703935012401274,7.145144749961251,8.985046690392462,7.416070757077762
490,2.9627285054052326,0.24973499197184568,7.152619269470518,8.99307905863132,7.422694903682042
491,2.966846809764707,0.2426000820969115,7.160093788979786,9.00111142687018,7.429319050286322
492,2.9709708387225597,0.23563198599585058,7.167568308489054,9.00914379510904,7.435943196890603
493,2.975100600236199,0.22882806742662737,7.175042827998321,9.017176163347898,7.442567343494883
494,2.979236102274092,0.22218569007792938,7.182517347507589,9.025208531586758,7.449191490099164
495,2.983377352815785,0.21570221919084792,7.189991867016856,9.033240899825618,7.455815636703444
496,2.987524359851915,0.20937502313273068,7.1974663865261235,9.041273268064476,7.462439783307724
497,2.9916771313842268,0.20320147492312757,7.204940906035391,9.049305636303336,7.469063929912005
498,2.9958356754255866,0.19717895371181346,7.212415425544659,9.057338004542196,7.475688076516285
499,3.0,0.19130484620892116,7.219889945053927,9.065370372781054,7.482312223120566
500,3.004170113142626,0.18557654806728177,7.227364464563195,9.073402741019912,7.488936369724846
501,3.008346022899793,0.17999146521708936,7.2348389840724625,9.081435109258774,7.495560516329126
502,3.012527737329014,0.17454701515308532,7.242313503581729,9.089467477497632,7.5021846629334075
503,3.016715264499001,0.1692406281744886,7.249788023090997,9.09749984573649,7.508808809537687
504,3.0209086124896833,0.16406974857792755,7.257262542600264,9.10553221397535,7.515432956141968
505,3.0251077893922225,0.15903183580370478,7.264737062109532,9.11356458221421,7.522057102746248
506,3.029312803309024,0.1541243655357436,7.2722115816188,9.121596950453068,7.528681249350528
507,3.0335236623537587,0.14934483075559418,7.279686101128068,9.129629318691928,7.5353053959548095
508,3.0377403746513756,0.14469074275095123,7.287160620637335,9.137661686930787,7.541929542559089
509,3.0419629483381154,0.14015963207913612,7.294635140146603,9.145694055169646,7.54855368916337
510,3.0461913915615306,0.1357490494860378,7.302109659655871,9.153726423408505,7.55517783576765
511,3.050425712480499,0.13145656678105813,7.309584179165138,9.161758791647365,7.5618019823719305
512,3.0546659192652394,0.127279777668615,7.317058698674406,9.169791159886223,7.568426128976212
513,3.058912020097326,0.12321629853679379,7.3245332181836735,9.177823528125082,7.575050275580491
514,3.0631640231697075,0.1192637692037682,7.3320077376929405,9.185855896363941,7.581674422184772
515,3.067421936686721,0.11541985362263829,7.339482257202208,9.193888264602801,7.588298568789052
516,3.0716857688641066,0.11168224054535111,7.346956776711476,9.20192063284166,7.5949227153933325
517,3.075955527929026,0.10804864414639032,7.354431296220744,9.20995300108052,7.601546861997614
518,3.080231222120076,0.1045168046069594,7.361905815730012,9.21798536931938,7.608171008601893
519,3.0845128596873064,0.10108448866037868,7.3693803352392795,9.226017737558237,7.614795155206174
520,3.0888004488922336,0.09774949009945647,7.376854854748547,9.234050105797097,7.621419301810454
521,3.0930939980078587,0.09450963024658729,7.384329374257814,9.242082474035957,7.628043448414735
522,3.0973935153186822,0.0913627583873779,7.391803893767082,9.250114842274815,7.634667595019016
523,3.1016990091207206,0.08830675216857546,7.399278413276349,9.258147210513673,7.641291741623295
524,3.106010487721522,0.08533951796112142,7.406752932785617,9.266179578752535,7.647915888227576
525,3.110327959440183,0.08245899118914511,7.414227452294885,9.274211946991393,7.654540034831856
526,3.114651432607363,0.07966313662571406,7.421701971804152,9.282244315230251,7.661164181436137
527,3.1189809155653014,0.07694994865619753,7.42917649131342,9.290276683469111,7.667788328040418
528,3.1233164166678344,0.0743174515100646,7.436651010822688,9.298309051707971,7.674412474644697
529,3.12765794428041,0.07176369946197912,7.444125530331956,9.306341419946829,7.681036621248978
530,3.1320055067801045,0.06928677700304174,7.451600049841223,9.314373788185689,7.6876607678532585
531,3.136359112555638,0.06688479898302609,7.4590745693504905,9.322406156424549,7.694284914457539
532,3.1407187700073926,0.06455591072447998,7.466549088859757,9.330438524663407,7.70090906106182
533,3.145084487547426,0.06229828810954234,7.474023608369025,9.338470892902267,7.707533207666099
534,3.14945627359949,0.06011013764033189,7.481498127878293,9.346503261141127,7.71415735427038
535,3.1538341365990443,0.05798969647377581,7.488972647387561,9.354535629379985,7.7207815008746605
536,3.158218084993276,0.05593523243171959,7.496447166896829,9.362567997618843,7.727405647478941
537,3.162608127241113,0.05394504398718152,7.5039216864060965,9.370600365857703,7.734029794083222
538,3.167004271813241,0.052017460227594306,7.511396205915363,9.378632734096563,7.740653940687501
539,3.1714065271921212,0.05015084079587408,7.518870725424631,9.38666510233542,7.747278087291782
540,3.175814901872006,0.04834357581015976,7.526345244933899,9.39469747057428,7.753902233896063
541,3.180229404358955,0.046594085763048146,7.533819764443167,9.40272983881314,7.760526380500343
542,3.1846500431708495,0.044900821401151585,7.541294283952435,9.410762207051999,7.767150527104624
543,3.1890768268374132,0.0432622635857841,7.5487688034617015,9.418794575290859,7.773774673708903
544,3.1935097639002263,0.04167692313559361,7.556243322970969,9.426826943529719,7.780398820313184
545,3.197948862912741,0.040143340651928414,7.563717842480237,9.434859311768577,7.787022966917465
546,3.202394132440301,0.03866008632772135,7.571192361989505,9.442891680007435,7.793647113521745
547,3.2068455810601533,0.03722575974067709,7.578666881498773,9.450924048246296,7.800271260126026
548,3.2113032173614715,0.035838989631512996,7.58614140100804,9.458956416485155,7.806895406730305
549,3.2157670499453634,0.03449843366801719,7.5936159205173075,9.466988784724013,7.8135195533345865
550,3.220237087424897,0.03320277819565252,7.601090440026575,9.475021152962873,7.820143699938867
551,3.2247133384251114,0.03195073797544175,7.608564959535843,9.483053521201732,7.826767846543147
552,3.229195811583034,0.03074105590984222,7.61603947904511,9.49108588944059,7.833391993147428
553,3.233684515547699,0.02957250275731067,7.623513998554378,9.49911825767945,7.840016139751707
554,3.2381794589801633,0.028443876836244077,7.630988518063646,9.50715062591831,7.8466402863559885
555,3.242680650553522,0.027354003718968484,7.6384630375729134,9.515182994157168,7.853264432960269
556,3.2471880989529267,0.02630173591643116,7.645937557082181,9.523215362396028,7.859888579564549
557,3.251701812875601,0.025285952554239332,7.653412076591448,9.531247730634888,7.86651272616883
558,3.2562218010308586,0.024305559040671457,7.660886596100716,9.539280098873746,7.8731368727731095
559,3.26074807214012,0.02335948672727424,7.668361115609984,9.547312467112604,7.879761019377391
560,3.265280634936928,0.02244669256263958,7.675835635119252,9.555344835351464,7.886385165981671
561,3.2698194981669655,0.021566158739943442,7.683310154628519,9.563377203590324,7.893009312585951
562,3.2743646705880733,0.02071689233881131,7.690784674137786,9.571409571829182,7.899633459190232
563,3.2789161609702635,0.019897924962059756,7.698259193647054,9.579441940068042,7.9062576057945115
564,3.2834739780957407,0.019108312367846988,7.705733713156322,9.587474308306902,7.912881752398793
565,3.2880381307589164,0.018347134097749605,7.71320823266559,9.59550667654576,7.919505899003073
566,3.2926086277664277,0.017613493101269136,7.7206827521748576,9.60353904478462,7.926130045607353
567,3.297185477937152,0.016906515357252218,7.7281572716841245,9.61157141302348,7.932754192211634
568,3.3017686901022256,0.016225349492694198,7.735631791193392,9.619603781262338,7.939378338815914
569,3.306358273105062,0.015569166399382578,7.74310631070266,9.627636149501196,7.946002485420195
570,3.310954235801364,0.01493715884881658,7.750580830211928,9.635668517740058,7.952626632024475
571,3.315556587059147,0.014328541105825805,7.758055349721195,9.643700885978916,7.959250778628755
572,3.320165335758752,0.013742548541297146,7.765529869230463,9.651733254217774,7.965874925233036
573,3.3247804907928655,0.01317843724439897,7.77300438873973,9.659765622456634,7.972499071837316
574,3.3294020610665327,0.012635483634681841,7.780478908248998,9.667797990695494,7.979123218441597
575,3.3340300554971796,0.012112984074415533,7.787953427758266,9.675830358934352,7.985747365045877
576,3.3386644830146266,0.011610254481509654,7.795427947267533,9.683862727173212,7.992371511650157
577,3.343305352561106,0.011126629943349418,7.802902466776801,9.691895095412072,7.998995658254438
578,3.3479526730912816,0.010661464331863475,7.810376986286069,9.69992746365093,8.005619804858718
579,3.3526064535722644,0.01021412992012753,7.817851505795336,9.70795983188979,8.012243951462999
580,3.357266702983629,0.009784017000791926,7.825326025304604,9.71599220012865,8.01886809806728
581,3.3619334303174337,0.009370533506607345,7.832800544813871,9.724024568367508,8.02549224467156
582,3.366606644578234,0.008973104633311585,7.840275064323139,9.732056936606366,8.03211639127584
583,3.3712863547831042,0.008591172465122709,7.847749583832407,9.740089304845228,8.03874053788012
584,3.37597256996165,0.00822419560307585,7.8552241033416745,9.748121673084086,8.045364684484401
585,3.3806652991560306,0.00787164879642269,7.8626986228509415,9.756154041322944,8.051988831088682
586,3.385364551420974,0.0075330225773046905,7.870173142360209,9.764186409561804,8.058612977692961
587,3.3900703358237942,0.007207822898895963,7.877647661869477,9.772218777800664,8.065237124297242
588,3.3947826614444097,0.006895570777199732,7.885122181378745,9.780251146039522,8.071861270901522
589,3.399501537375359,0.00659580193667299,7.892596700888013,9.788283514278382,8.078485417505803
590,3.404226972721822,0.006308066459838438,7.90007122039728,9.796315882517241,8.085109564110084
591,3.4089589766016317,0.006031928441036164,7.907545739906547,9.8043482507561,8.091733710714363
592,3.4136975581452984,0.005766965644452214,7.915020259415815,9.81238061899496,8.098357857318645
593,3.4184427264960227,0.005512769166554272,7.922494778925083,9.82041298723382,8.104982003922924
594,3.4231944908097143,0.005268943103052092,7.929969298434351,9.828445355472677,8.111606150527205
595,3.4279528602550116,0.005035104220490728,7.937443817943618,9.836477723711536,8.118230297131486
596,3.4327178440132955,0.004810881632576055,7.944918337452886,9.844510091950395,8.124854443735765
597,3.437489451278712,0.004595916481321036,7.952392856962153,9.852542460189255,8.131478590340047
598,3.4422676912581838,0.004389861623093653,7.959867376471421,9.860574828428113,8.138102736944326
599,3.447052573171435,0.0041923813196366976,7.967341895980688,9.868607196666973,8.144726883548607
600,3.4518441062510035,0.0040031509341237545,7.974816415489956,9.876639564905833,8.151351030152888
601,3.4566422997422612,0.003821856632305177,7.982290934999224,9.884671933144691,8.157975176757168
602,3.461447162903432,0.0036481950887907555,7.9897654545084915,9.892704301383551,8.164599323361449
603,3.4662587050056084,0.0034818731985089336,7.997239974017759,9.900736669622411,8.171223469965728
604,3.4710769353327713,0.003322607793373891,8.004714493527025,9.90876903786127,8.17784761657001
605,3.4759018631818037,0.0031701253641857755,8.012189013036295,9.916801406100127,8.18447176317429
606,3.4807334978625146,0.0030241617877817106,8.019663532545561,9.924833774338989,8.19109590977857
607,3.4855718486976532,0.002884462059450083,8.02713805205483,9.932866142577847,8.197720056382849
608,3.490416925022927,0.0027507800306127163,8.034612571564097,9.940898510816705,8.20434420298713
609,3.4952687361870214,0.0026228781517753257,8.042087091073364,9.948930879055565,8.210968349591411
610,3.5001272915516157,0.002500527220739938,8.049561610582632,9.956963247294425,8.217592496195692
611,3.5049926004914047,0.002383506136067715,8.0570361300919,9.964995615533283,8.224216642799972
612,3.50986467239411,0.002271601655776292,8.064510649601168,9.973027983772143,8.230840789404251
613,3.5147435166605066,0.0021646081612496978,8.071985169110434,9.981060352011003,8.237464936008532
614,3.519629142704435,0.0020623274263354557,8.079459688619703,9.989092720249861,8.244089082612813
615,3.5245215599528223,0.0019645683915983456,8.08693420812897,9.99712508848872,8.250713229217094
616,3.5294207778456985,0.0018711469436966234,8.094408727638239,10.00515745672758,8.257337375821374
617,3.5343268058362165,0.0017818856998422384,8.101883247147505,10.013189824966439,8.263961522425653
618,3.5392396533906676,0.0016966137973035717,8.109357766656773,10.021222193205297,8.270585669029934
619,3.5441593299885037,0.0016151666879048792,8.11683228616604,10.029254561444157,8.277209815634215
620,3.5490858451223524,0.0015373859374744625,8.124306805675308,10.037286929683017,8.283833962238496
621,3.5540192082980364,0.001463119030189556,8.131781325184576,10.045319297921875,8.290458108842776
622,3.558959429034593,0.0013922191777640505,8.139255844693844,10.053351666160735,8.297082255447055
623,3.56390651686429,0.0013245451334218685,8.146730364203112,10.061384034399595,8.303706402051336
624,3.568860481332645,0.0012599610105969393,8.154204883712378,10.069416402638453,8.310330548655617
625,3.5738213319984475,0.0011983361062979639,8.161679403221648,10.077448770877313,8.316954695259899
626,3.578789078433769,0.0011395447290748683,8.169153922730914,10.085481139116172,8.323578841864178
627,3.58376373022399,0.0010834660315210977,8.176628442240183,10.09351350735503,8.330202988468457
628,3.5887452969678146,0.0010299838472451301,8.18410296174945,10.101545875593889,8.336827135072738
629,3.593733788277289,0.0009789865322422182,8.191577481258717,10.10957824383275,8.34345128167702
630,3.5987292137778204,0.0009303668105967644,8.199052000767985,10.117610612071609,8.3500754282813
631,3.603731583108197,0.0008840216244439215,8.206526520277253,10.125642980310467,8.35669957488558
632,3.6087409059206026,0.0008398519881184055,8.21400103978652,10.133675348549327,8.36332372148986
633,3.61375719188064,0.0007977628464171045,8.221475559295786,10.141707716788186,8.36994786809414
634,3.6187804506673467,0.0007576629369018983,8.228950078805056,10.149740085027045,8.376572014698421
635,3.6238106919732154,0.0007194646561678397,8.236424598314322,10.157772453265904,8.383196161302703
636,3.628847925504211,0.0006830839300016864,8.243899117823592,10.165804821504764,8.389820307906982
637,3.63389216097979,0.0006484400873552567,8.251373637332858,10.173837189743622,8.396444454511261
638,3.638943408132919,0.0006154557380576918,8.258848156842125,10.181869557982482,8.403068601115542
639,3.644001676710096,0.0005840566541906904,8.266322676351393,10.189901926221342,8.409692747719824
640,3.649066976471363,0.0005541716550505605,8.273797195860661,10.1979342944602,8.416316894324105
641,3.654139317190331,0.0005257324956209144,8.281271715369929,10.205966662699058,8.422941040928384
642,3.6592187086541985,0.0004986737584800581,8.288746234879195,10.213999030937918,8.429565187532663
643,3.664305160663766,0.0004729327490672269,8.296220754388465,10.222031399176778,8.436189334136944
644,3.6693986830334584,0.0004484493942320869,8.30369527389773,10.230063767415636,8.442813480741226
645,3.6744992855913434,0.00042516614399231974,8.311169793407,10.238096135654496,8.449437627345507
646,3.679606978179148,0.0004030278764244651,8.318644312916266,10.246128503893356,8.456061773949786
647,3.6847217706522826,0.00038198180561374345,8.326118832425534,10.254160872132214,8.462685920554065
648,3.689843672879855,0.0003619773925891469,8.333593351934802,10.262193240371074,8.469310067158347
649,3.694972694744693,0.00034296625917063417,8.34106787144407,10.270225608609934,8.475934213762628
650,3.700108846143359,0.00032490210465603553,8.348542390953337,10.278257976848792,8.482558360366909
651,3.7052521369861755,0.00030774062527589706,8.356016910462603,10.28629034508765,8.489182506971188
652,3.7104025771972386,0.000291439436345408,8.363491429971873,10.294322713326512,8.495806653575467
653,3.715560176714441,0.00027595799704325006,8.370965949481139,10.30235508156537,8.502430800179749
654,3.720724945489486,0.0002612575377481895,8.378440468990409,10.310387449804228,8.50905494678403
655,3.7258968934879135,0.00024730098986498956,8.385914988499675,10.318419818043088,8.51567909338831
656,3.7310760306891146,0.00023405291807239429,8.393389508008942,10.326452186281948,8.52230323999259
657,3.7362623670863524,0.00022147945492666214,8.40086402751821,10.334484554520806,8.52892738659687
658,3.741455912686781,0.00020954823775531464,8.408338547027478,10.342516922759666,8.53555153320115
659,3.746656677511466,0.00019822834777669804,8.415813066536746,10.350549290998526,8.542175679805432
660,3.7518646715953987,0.00018749025138208093,8.423287586046012,10.358581659237384,8.548799826409713
661,3.7570799049875236,0.00017730574351799026,8.430762105555281,10.366614027476244,8.555423973013992
662,3.762302387750752,0.00016764789310773386,8.438236625064548,10.374646395715104,8.562048119618272
663,3.7675321299619826,0.00015849099045199433,8.445711144573817,10.382678763953962,8.568672266222553
664,3.7727691417121227,0.00014981049654965415,8.453185664083083,10.39071113219282,8.575296412826834
665,3.7780134331061057,0.00014158299428104675,8.460660183592351,10.39874350043168,8.581920559431115
666,3.78326501426291,0.00013378614139703736,8.468134703101619,10.40677586867054,8.588544706035394
667,3.7885238953155826,0.00012639862525842604,8.475609222610887,10.414808236909398,8.595168852639674
668,3.7937900864112524,0.0001194001192714245,8.483083742120154,10.422840605148258,8.601792999243955
669,3.799063597711155,0.0001127712409659702,8.490558261629422,10.430872973387117,8.608417145848236
670,3.804344439390651,0.00010649351166496207,8.49803278113869,10.438905341625976,8.615041292452517
671,3.8096326216392438,0.00010054931769355247,8.505507300647956,10.446937709864835,8.621665439056796
672,3.814928154660602,9.492187307881566e-05,8.512981820157226,10.454970078103695,8.628289585661076
673,3.820231048672578,8.95951836913207e-05,8.520456339666492,10.463002446342553,8.634913732265357
674,3.825541313907224,8.455401278120192e-05,8.527930859175761,10.471034814581412,8.641537878869638
675,3.8308589606108185,7.978384786254121e-05,8.535405378685027,10.479067182820273,8.648162025473919
676,3.836183999043882,7.527086890096831e-05,8.542879898194295,10.487099551059131,8.654786172078198
677,3.8415164394811967,7.100191776054437e-05,8.550354417703563,10.49513191929799,8.661410318682478
678,3.8468562922118283,6.69644688670882e-05,8.55782893721283,10.50316428753685,8.668034465286759
679,3.852203567539144,6.314660104623242e-05,8.565303456722098,10.51119665577571,8.67465861189104
680,3.8575582757808324,5.95369704955937e-05,8.572777976231365,10.519229024014567,8.681282758495321
681,3.862920427268927,5.6124784851509494e-05,8.580252495740634,10.527261392253427,8.6879069050996
682,3.8682900323498175,5.2899778311898346e-05,8.5877270152499,10.535293760492287,8.69453105170388
683,3.8736671013842816,4.985218777781965e-05,8.59520153475917,10.543326128731145,8.701155198308161
684,3.879051644747495,4.697272997739446e-05,8.602676054268436,10.551358496970005,8.707779344912442
685,3.8844436728290574,4.425257953673874e-05,8.610150573777704,10.559390865208865,8.714403491516723
686,3.889843196033009,4.168334796360706e-05,8.617625093286971,10.567423233447723,8.721027638121003
687,3.895250224777854,3.9257063510418835e-05,8.62509961279624,10.575455601686581,8.727651784725282
688,3.9006647694965753,3.6966151884331655e-05,8.632574132305507,10.583487969925441,8.734275931329563
689,3.9060868406366605,3.4803417772984174e-05,8.640048651814773,10.591520338164301,8.740900077933844
690,3.91151644866012,3.276202715547918e-05,8.647523171324043,10.59955270640316,8.747524224538125
691,3.916953604043505,3.0835490369109426e-05,8.654997690833309,10.607585074642019,8.754148371142405
692,3.9223983172779313,2.9017645903229427e-05,8.662472210342578,10.615617442880879,8.760772517746684
693,3.9278505988690964,2.7302644892581912e-05,8.669946729851844,10.623649811119737,8.767396664350965
694,3.9333104593373016,2.568493628324657e-05,8.677421249361112,10.631682179358597,8.774020810955246
695,3.938777909217473,2.415925264525066e-05,8.68489576887038,10.639714547597457,8.780644957559527
696,3.944252959059177,2.2720596606705647e-05,8.692370288379648,10.647746915836315,8.787269104163807
697,3.9497356194266486,2.1364227885155147e-05,8.699844807888915,10.655779284075173,8.793893250768086
698,3.9552259008988053,2.008565089262711e-05,8.707319327398181,10.663811652314035,8.800517397372367
699,3.9607238140692695,1.8880602891651426e-05,8.714793846907451,10.671844020552893,8.807141543976648
700,3.96622936954639,1.7745042680278698e-05,8.722268366416717,10.679876388791751,8.81376569058093
701,3.971742577953263,1.6675139784873156e-05,8.729742885925987,10.68790875703061,8.820389837185209
702,3.9772634499277464,1.5667264140181506e-05,8.737217405435253,10.69594112526947,8.827013983789488
703,3.98279199612249,1.4717976236881732e-05,8.74469192494452,10.703973493508329,8.83363813039377
704,3.9883282272049487,1.3824017717515469e-05,8.752166444453788,10.712005861747189,8.84026227699805
705,3.9938721538574065,1.2982302402366464e-05,8.759640963963056,10.720038229986049,8.846886423602331
706,3.999423786776996,1.2189907727508549e-05,8.767115483472324,10.728070598224907,8.85351057020661
707,4.00498313667572,1.1444066577880266e-05,8.77459000298159,10.736102966463767,8.86013471681089
708,4.010550214280469,1.0742159498857842e-05,8.78206452249086,10.744135334702626,8.866758863415171
709,4.016125030333048,1.0081707270405414e-05,8.789539042000126,10.752167702941485,8.873383010019452
710,4.021707595590188,9.460363828457192e-06,8.797013561509395,10.760200071180343,8.880007156623734
711,4.027297920823578,8.875909518758158e-06,8.804488081018661,10.768232439419204,8.886631303228013
712,4.032896016819877,8.326244668938595e-06,8.811962600527929,10.776264807658062,8.893255449832292
713,4.0385018943807385,7.809383465129819e-06,8.819437120037197,10.78429717589692,8.899879596436573
714,4.044115564322831,7.323448119947799e-06,8.826911639546465,10.79232954413578,8.906503743040854
715,4.049737037477859,6.866663319172157e-06,8.834386159055732,10.80036191237464,8.913127889645136
716,4.0553663246925815,6.437350934935567e-06,8.841860678565,10.808394280613498,8.919752036249415
717,4.061003436828836,6.033924993706662e-06,8.849335198074268,10.816426648852358,8.926376182853694
718,4.066648384763559,5.654886887809174e-06,8.856809717583534,10.824459017091218,8.933000329457975
719,4.072301179388806,5.2988208196602895e-06,8.864284237092804,10.832491385330076,8.939624476062257
720,4.077961831611773,4.96438946833637e-06,8.87175875660207,10.840523753568936,8.946248622666538
721,4.083630352354817,4.650329868489708e-06,8.87923327611134,10.848556121807796,8.952872769270817
722,4.089306752555478,4.355449492039103e-06,8.886707795620605,10.856588490046654,8.959496915875096
723,4.094991043166499,4.07862252344204e-06,8.894182315129873,10.864620858285512,8.966121062479377
724,4.100683235155847,3.818786319729625e-06,8.901656834639141,10.872653226524372,8.972745209083659
725,4.1063833395067375,3.5749380468458785e-06,8.909131354148409,10.880685594763232,8.97936935568794
726,4.11209136721765,3.3461314841811095e-06,8.916605873657677,10.88871796300209,8.985993502292219
727,4.117807329302354,3.131473989522764e-06,8.924080393166943,10.89675033124095,8.992617648896498
728,4.12353123678993,2.9301236169735727e-06,8.931554912676212,10.90478269947981,8.99924179550078
729,4.129263100724787,2.7412863806965784e-06,8.939029432185478,10.912815067718668,9.00586594210506
730,4.135002932166684,2.564213657649494e-06,8.946503951694748,10.920847435957528,9.012490088709342
731,4.140750742190759,2.3981997227588333e-06,8.953978471204014,10.928879804196388,9.019114235313621
732,4.146506541887542,2.2425794102662805e-06,8.961452990713282,10.936912172435246,9.0257383819179
733,4.1522703423629785,2.0967258952464364e-06,8.96892751022255,10.944944540674104,9.032362528522182
734,4.158042154738453,1.9600485895556966e-06,8.976402029731817,10.952976908912966,9.038986675126463
735,4.16382199015081,1.831991146720432e-06,8.983876549241085,10.961009277151824,9.045610821730744
736,4.169609859752371,1.7120295705135794e-06,8.991351068750351,10.969041645390682,9.052234968335023
737,4.175405774710964,1.599670422198182e-06,8.99882558825962,10.977074013629542,9.058859114939303
738,4.181209746209937,1.494449121639506e-06,9.006300107768887,10.985106381868402,9.065483261543584
739,4.187021785448186,1.3959283376998195e-06,9.013774627278156,10.99313875010726,9.072107408147865
740,4.192841903640172,1.3036964635348766e-06,9.021249146787422,11.00117111834612,9.078731554752146
741,4.198670112015947,1.2173661726084838e-06,9.02872366629669,11.00920348658498,9.085355701356425
742,4.204506421821171,1.1365730514299277e-06,9.036198185805958,11.017235854823838,9.091979847960705
743,4.2103508443171345,1.0609743052007103e-06,9.043672705315226,11.025268223062698,9.098603994564986
744,4.216203390780786,9.90247532731201e-07,9.051147224824494,11.033300591301558,9.105228141169267
745,4.222064072504746,9.240895671548591e-07,9.05862174433376,11.041332959540416,9.111852287773548
746,4.227932900797333,8.622153791277982e-07,9.06609626384303,11.049365327779274,9.118476434377827
747,4.233809886982585,8.043570393549796e-07,9.073570783352295,11.057397696018134,9.125100580982107
748,4.239695042400281,7.502627374319532e-07,9.081045302861565,11.065430064256994,9.131724727586388
749,4.2455883784059605,6.996958541317152e-07,9.08851982237083,11.073462432495852,9.138348874190669
750,4.251489906370951,6.524340844015911e-07,9.095994341880099,11.081494800734712,9.14497302079495
751,4.2573996376823855,6.082686084645777e-07,9.103468861389366,11.089527168973571,9.15159716739923
752,4.2633175837432224,5.670033085433641e-07,9.110943380898634,11.09755953721243,9.158221314003509
753,4.2692437559722745,5.28454028843838e-07,9.118417900407902,11.10559190545129,9.16484546060779
754,4.275178165804226,4.924478765484948e-07,9.125892419917168,11.11362427369015,9.171469607212071
755,4.281120824689656,4.588225616786643e-07,9.133366939426438,11.121656641929007,9.178093753816352
756,4.287071744095059,4.274257737882388e-07,9.140841458935704,11.129689010167866,9.184717900420631
757,4.29303093550287,3.9811459355086946e-07,9.148315978444973,11.137721378406727,9.19134204702491
758,4.298998410411484,3.7075493739745806e-07,9.15579049795424,11.145753746645585,9.197966193629192
759,4.304974180335279,3.4522103345142817e-07,9.163265017463507,11.153786114884443,9.204590340233473
760,4.310958256804639,3.213949270957615e-07,9.170739536972775,11.161818483123303,9.211214486837754
761,4.316950651365977,2.9916601458851393e-07,9.178214056482043,11.169850851362163,9.217838633442033
762,4.322951375581754,2.7843060322247003e-07,9.18568857599131,11.177883219601021,9.224462780046313
763,4.328960441030502,2.590914965998313e-07,9.193163095500578,11.185915587839881,9.231086926650594
764,4.334977859306853,2.410576036648681e-07,9.200637615009846,11.193947956078741,9.237711073254875
765,4.341003642021549,2.242435702058777e-07,9.208112134519112,11.2019803243176,9.244335219859156
766,4.347037800801477,2.085694316032877e-07,9.215586654028382,11.21001269255646,9.250959366463436
767,4.353080347289682,1.939602856630191e-07,9.223061173537648,11.218045060795319,9.257583513067715
768,4.359131293145396,1.803459844336844e-07,9.230535693046916,11.226077429034177,9.264207659671996
769,4.365190650044054,1.676608439628284e-07,9.238010212556183,11.234109797273035,9.270831806276277
770,4.3712584296773285,1.5584337100130014e-07,9.245484732065451,11.242142165511895,9.277455952880558
771,4.377334643753132,1.4483600571630467e-07,9.252959251574719,11.250174533750755,9.284080099484838
772,4.3834193039956615,1.3458487952248247e-07,9.260433771083987,11.258206901989613,9.290704246089117
773,4.389512422145406,1.2503958718707694e-07,9.267908290593255,11.266239270228473,9.297328392693398
774,4.395614009959176,1.161529724094107e-07,9.27538281010252,11.274271638467333,9.30395253929768
775,4.401724079210123,1.0788092611715914e-07,9.28285732961179,11.282304006706191,9.31057668590196
776,4.407842641687766,1.0018219676191584e-07,9.290331849121056,11.290336374945051,9.31720083250624
777,4.413969709198009,9.301821193478975e-08,9.297806368630326,11.29836874318391,9.323824979110519
778,4.420105293563169,8.635291065887845e-08,9.305280888139592,11.306401111422769,9.3304491257148
779,4.426249406621996,8.015258575004942e-08,9.31275540764886,11.314433479661627,9.337073272319081
780,4.432402060229695,7.43857356701085e-08,9.320229927158127,11.322465847900489,9.343697418923362
781,4.43856326625795,6.902292532756523e-08,9.327704446667395,11.330498216139347,9.350321565527642
782,4.4447330365949504,6.40366553107339e-08,9.335178966176663,11.338530584378205,9.356945712131921
783,4.450911383145407,5.940123906596292e-08,9.34265348568593,11.346562952617065,9.363569858736202
784,4.457098317830581,5.509268756036643e-08,9.350128005195199,11.354595320855925,9.370194005340483
785,4.4632938525883015,5.108860099374418e-08,9.357602524704465,11.362627689094783,9.376818151944764
786,4.469497999372995,4.7368067148293204e-08,9.365077044213734,11.370660057333643,9.383442298549044
787,4.475710770155703,4.3911565987476575e-08,9.372551563723,11.378692425572503,9.390066445153323
788,4.48193217692411,4.070088013697516e-08,9.380026083232268,11.38672479381136,9.396690591757604
789,4.48816223168256,3.771901090105691e-08,9.387500602741536,11.39475716205022,9.403314738361885
790,4.494400946452085,3.4950099487106903e-08,9.394975122250804,11.40278953028908,9.409938884966166
791,4.500648333270429,3.2379353129387226e-08,9.402449641760072,11.410821898527939,9.416563031570446
792,4.506904404192066,2.9992975820513614e-08,9.409924161269338,11.418854266766797,9.423187178174725
793,4.513169171288227,2.77781033755878e-08,9.417398680778607,11.426886635005657,9.429811324779006
794,4.5194426466469215,2.572274256953012e-08,9.424873200287873,11.434919003244516,9.436435471383287
795,4.525724842372964,2.381571410292547e-08,9.432347719797143,11.442951371483375,9.443059617987569
796,4.532015770587994,2.2046599165669738e-08,9.439822239306409,11.450983739722234,9.449683764591848
797,4.538315443430499,2.0405689380927784e-08,9.447296758815677,11.459016107961094,9.456307911196127
798,4.544623873055845,1.8883939924420633e-08,9.454771278324944,11.467048476199952,9.462932057800408
799,4.550941071636286,1.7472925625909497e-08,9.462245797834212,11.475080844438812,9.46955620440469
800,4.557267051361001,1.6164799870905232e-08,9.46972031734348,11.483113212677672,9.47618035100897
801,4.563601824436114,1.4952256131235502e-08,9.477194836852746,11.49114558091653,9.48280449761325
802,4.569945403084712,1.382849196308804e-08,9.484669356362016,11.499177949155388,9.48942864421753
803,4.576297799546874,1.2787175320587088e-08,9.492143875871282,11.50721031739425,9.49605279082181
804,4.582659026079694,1.1822413041900001e-08,9.499618395380551,11.515242685633108,9.502676937426092
805,4.589029094957304,1.0928721373286447e-08,9.507092914889817,11.523275053871966,9.509301084030373
806,4.595408018470896,1.0100998404467632e-08,9.514567434399085,11.531307422110826,9.515925230634652
807,4.601795808928749,9.334498296201629e-09,9.522041953908353,11.539339790349686,9.522549377238931
808,4.608192478656247,8.624807188048928e-09,9.52951647341762,11.547372158588544,9.529173523843212
809,4.614598039995912,7.967820680991581e-09,9.536990992926889,11.555404526827404,9.535797670447494
810,4.62101250530742,7.359722795897342e-09,9.544465512436156,11.563436895066264,9.542421817051775
811,4.6274358869676275,6.796966314757009e-09,9.551940031945424,11.571469263305122,9.549045963656054
812,4.633868197370596,6.276254417250321e-09,9.55941455145469,11.579501631543982,9.555670110260333
813,4.6403094489276135,5.794523530481059e-09,9.56688907096396,11.587533999782842,9.562294256864615
814,4.646759654067222,5.348927314711891e-09,9.574363590473226,11.5955663680217,9.568918403468896
815,4.653218825235239,4.936821712630886e-09,9.581838109982494,11.603598736260558,9.575542550073177
816,4.659686974894782,4.55575099410961e-09,9.589312629491761,11.611631104499418,9.582166696677456
817,4.666164115526293,4.20343473258296e-09,9.59678714900103,11.619663472738278,9.588790843281735
818,4.672650259627561,3.877755653109718e-09,9.604261668510297,11.627695840977136,9.595414989886017
819,4.67914541971375,3.57674829586967e-09,9.611736188019565,11.635728209215996,9.602039136490298
820,4.685649608317419,3.298588442334916e-09,9.619210707528833,11.643760577454856,9.608663283094579
821,4.692162837988549,3.041583254628203e-09,9.626685227038099,11.651792945693714,9.615287429698858
822,4.698685121294561,2.80416208166152e-09,9.634159746547368,11.659825313932574,9.621911576303138
823,4.7052164708203525,2.5848678885481734e-09,9.641634266056634,11.667857682171434,9.628535722907419
824,4.711756899168308,2.382349268508875e-09,9.649108785565904,11.675890050410292,9.6351598695117
825,4.718306418958336,2.1953529990516163e-09,9.65658330507517,11.68392241864915,9.641784016115981
826,4.724865042827882,2.022717106618584e-09,9.664057824584438,11.691954786888012,9.64840816272026
827,4.731432783431959,1.8633644061552456e-09,9.671532344093706,11.69998715512687,9.65503230932454
828,4.738009653443172,1.7162964841842956e-09,9.679006863602973,11.708019523365728,9.66165645592882
829,4.744595665551744,1.5805880959673457e-09,9.686481383112241,11.716051891604588,9.668280602533102
830,4.751190832465531,1.4553819492125503e-09,9.693955902621507,11.724084259843448,9.674904749137383
831,4.7577951669100615,1.339883848549345e-09,9.701430422130777,11.732116628082306,9.681528895741662
832,4.764408681628546,1.2333581766471443e-09,9.708904941640043,11.740148996321166,9.688153042345942
833,4.771031389381913,1.135123689405863e-09,9.716379461149312,11.748181364560025,9.694777188950223
834,4.777663302948827,1.0445496041053556e-09,9.723853980658578,11.756213732798884,9.701401335554504
835,4.784304435125718,9.610519607666797e-10,9.731328500167846,11.764246101037743,9.708025482158785
836,4.7909547987267995,8.840902382611543e-10,9.738803019677114,11.772278469276603,9.714649628763064
837,4.797614406584098,8.131642079054026e-10,9.746277539186382,11.780310837515461,9.721273775367344
838,4.804283271547481,7.478110084081938e-10,9.75375205869565,11.78834320575432,9.727897921971625
839,4.810961406484674,6.876024270918601e-10,9.761226578204916,11.796375573993181,9.734522068575906
840,4.817648824281291,6.321423733012056e-10,9.768701097714185,11.80440794223204,9.741146215180187
841,4.8243455378408555,5.810645308412534e-10,9.776175617223451,11.812440310470897,9.747770361784466
842,4.831051560084829,5.340301771539878e-10,9.78365013673272,11.820472678709757,9.754394508388746
843,4.837766903952634,4.907261577591336e-10,9.791124656241987,11.828505046948617,9.761018654993027
844,4.8444915824016785,4.508630052457944e-10,9.798599175751255,11.836537415187475,9.767642801597308
845,4.8512256084073835,4.1417319281574397e-10,9.806073695260523,11.844569783426335,9.77426694820159
846,4.857968994963205,3.8040951304730745e-10,9.81354821476979,11.852602151665195,9.780891094805868
847,4.86472175508066,3.493435731736704e-10,9.821022734279058,11.860634519904053,9.787515241410148
848,4.871483901789354,3.207643987544728e-10,9.828497253788324,11.868666888142913,9.794139388014429
849,4.878255448137002,2.9447713816655875e-10,9.835971773297594,11.876699256381773,9.80076353461871
850,4.885036407189457,2.703018608513273e-10,9.84344629280686,11.884731624620631,9.807387681222991
851,4.891826792030733,2.480724427345535e-10,9.85092081231613,11.89276399285949,9.81401182782727
852,4.898626615763032,2.2763553268167795e-10,9.858395331825395,11.90079636109835,9.82063597443155
853,4.9054358915067695,2.0884959426945413e-10,9.865869851334663,11.908828729337209,9.827260121035831
854,4.912254632400598,1.9158401754540206e-10,9.873344370843931,11.916861097576067,9.833884267640112
855,4.919082851601431,1.7571829581127852e-10,9.880818890353199,11.924893465814927,9.840508414244391
856,4.925920562284475,1.6114126280756368e-10,9.888293409862467,11.932925834053787,9.847132560848673
857,4.932767777643246,1.47750385994174e-10,9.895767929371734,11.940958202292645,9.853756707452952
858,4.939624510889604,1.3545111191960464e-10,9.903242448881002,11.948990570531505,9.860380854057233
859,4.9464907752537695,1.241562599481332e-10,9.910716968390268,11.957022938770365,9.867005000661514
860,4.953366583984358,1.1378546087341879e-10,9.918191487899538,11.965055307009223,9.873629147265794
861,4.960251950348397,1.0426463718834661e-10,9.925666007408804,11.973087675248081,9.880253293870075
862,4.967146887631358,9.552552200622115e-11,9.933140526918072,11.981120043486943,9.886877440474354
863,4.974051409137182,8.750521383851208e-11,9.94061504642734,11.9891524117258,9.893501587078635
864,4.980965528188295,8.014576463024641e-11,9.948089565936607,11.997184779964659,9.900125733682916
865,4.987889258125651,7.339379863681296e-11,9.955564085445875,12.005217148203519,9.906749880287196
866,4.994822612308742,6.720015989618932e-11,9.963038604955143,12.013249516442379,9.913374026891477
867,5.001765604115633,6.151958620921858e-11,9.97051312446441,12.021281884681237,9.919998173495756
868,5.008718246942987,5.6310407688439275e-11,9.977987643973677,12.029314252920097,9.926622320100037
869,5.015680554206083,5.1534268073632184e-11,9.985462163482946,12.037346621158957,9.933246466704318
870,5.022652539338853,4.715586714050537e-11,9.992936682992212,12.045378989397815,9.939870613308598
871,5.0296342157939,4.314272264836591e-11,10.000411202501482,12.053411357636675,9.946494759912879
872,5.036625597042527,3.9464950383796346e-11,10.007885722010748,12.061443725875534,9.953118906517158
873,5.043626696574766,3.609506096082707e-11,10.015360241520016,12.069476094114393,9.95974305312144
874,5.0506375278993945,3.300777213440004e-11,10.022834761029284,12.07750846235325,9.96636719972572
875,5.057658104543973,3.01798354735172e-11,10.030309280538551,12.08554083059211,9.97299134633
876,5.064688440054861,2.758987632379675e-11,10.03778380004782,12.09357319883097,9.97961549293428
877,5.071728547997256,2.5218246066695818e-11,10.045258319557085,12.101605567069829,9.98623963953856
878,5.078778441955201,2.3046885754704274e-11,10.052732839066355,12.109637935308688,9.992863786142841
879,5.085838135531629,2.105920026884815e-11,10.06020735857562,12.117670303547548,9.999487932747122
880,5.092907642348378,1.9239942207092652e-11,10.06768187808489,12.125702671786406,10.006112079351402
881,5.099986976046225,1.7575104770136554e-11,10.075156397594156,12.133735040025266,10.012736225955683
882,5.107076150284904,1.605182296483714e-11,10.082630917103424,12.141767408264126,10.019360372559962
883,5.114175178743135,1.465828249547798e-11,10.090105436612692,12.149799776502984,10.025984519164243
884,5.121284075118658,1.338363575946194e-11,10.09757995612196,12.157832144741842,10.032608665768525
885,5.128402853128249,1.2217924407103588e-11,10.105054475631228,12.165864512980704,10.039232812372804
886,5.135531526507753,1.1152007965176401e-11,10.112528995140494,12.173896881219562,10.045856958977085
887,5.142670109012107,1.0177498060987972e-11,10.120003514649763,12.18192924945842,10.052481105581364
888,5.149818614415367,9.286697818210214e-12,10.12747803415903,12.18996161769728,10.059105252185645
889,5.156977056510739,8.472546027639136e-12,10.134952553668299,12.19799398593614,10.065729398789927
890,5.164145449110599,7.728565725715583e-12,10.142427073177565,12.206026354174998,10.072353545394206
891,5.171323806046522,7.048816841127652e-12,10.149901592686833,12.214058722413858,10.078977691998487
892,5.178512141169311,6.427852595311613e-12,10.1573761121961,12.222091090652718,10.085601838602766
893,5.185710468349025,5.860679366309553e-12,10.164850631705368,12.230123458891576,10.092225985207048
894,5.192918801474996,5.342719747343851e-12,10.172325151214636,12.238155827130436,10.098850131811329
895,5.20013715445587,4.869778551778886e-12,10.179799670723902,12.246188195369296,10.105474278415608
896,5.207365541219623,4.4380115349474564e-12,10.187274190233172,12.254220563608154,10.112098425019889
897,5.214603975713589,4.043896620749611e-12,10.194748709742438,12.262252931847012,10.118722571624168
898,5.221852471904493,3.684207437067907e-12,10.202223229251707,12.270285300085872,10.12534671822845
899,5.229111043778475,3.3559889789944927e-12,10.209697748760973,12.278317668324732,10.13197086483273
900,5.236379705341112,3.0565352326969058e-12,10.217172268270241,12.28635003656359,10.13859501143701
901,5.243658470617453,2.7833686055616115e-12,10.224646787779509,12.29438240480245,10.145219158041291
902,5.250947353652041,2.5342210201053117e-12,10.232121307288777,12.30241477304131,10.15184330464557
903,5.258246368508942,2.3070165401138754e-12,10.239595826798045,12.310447141280168,10.158467451249852
904,5.265555529271771,2.0998554076131293e-12,10.247070346307313,12.318479509519028,10.165091597854133
905,5.27287485004372,1.9109993786615512e-12,10.25454486581658,12.326511877757888,10.171715744458412
906,5.280204344947583,1.7388582546321292e-12,10.262019385325846,12.334544245996746,10.178339891062693
907,5.287544028125788,1.5819775136750091e-12,10.269493904835116,12.342576614235604,10.184964037666973
908,5.294893913740422,1.4390269544690842e-12,10.276968424344382,12.350608982474466,10.191588184271254
909,5.302254015973255,1.3087902712251509e-12,10.28444294385365,12.358641350713324,10.198212330875535
910,5.309624349025774,1.1901554852374468e-12,10.291917463362918,12.366673718952182,10.204836477479814
911,5.317004927119201,1.0821061641322234e-12,10.299391982872185,12.374706087191042,10.211460624084095
912,5.32439576449453,9.83713365366039e-13,10.306866502381453,12.382738455429902,10.218084770688375
913,5.33179687541255,8.94128245519464e-13,10.314341021890721,12.39077082366876,10.224708917292656
914,5.339208274153874,8.125752815390645e-13,10.321815541399989,12.39880319190762,10.231333063896937
915,5.3466299750189625,7.383460543361106e-13,10.329290060909255,12.40683556014648,10.237957210501216
916,5.354061992328158,6.707935490765261e-13,10.336764580418524,12.414867928385338,10.244581357105497
917,5.361504340421705,6.093269301208194e-13,10.34423909992779,12.422900296624197,10.251205503709777
918,5.368957033659785,5.534067519153008e-13,10.35171361943706,12.430932664863057,10.257829650314058
919,5.37642008642254,5.025405702201654e-13,10.359188138946326,12.438965033101915,10.264453796918339
920,5.383893513110096,4.562789209038798e-13,10.366662658455594,12.446997401340774,10.271077943522618
921,5.391377328142603,4.1421163615601346e-13,10.374137177964862,12.455029769579633,10.2777020901269
922,5.398871545960251,3.7596447038841084e-13,10.38161169747413,12.463062137818493,10.284326236731179
923,5.4063761810233055,3.4119601032285035e-13,10.389086216983397,12.471094506057351,10.29095038333546
924,5.413891247812127,3.0959484581748156e-13,10.396560736492663,12.479126874296211,10.297574529939741
925,5.42141676082721,2.8087697987614927e-13,10.404035256001933,12.487159242535071,10.30419867654402
926,5.4289527345892035,2.547834580282849e-13,10.411509775511199,12.49519161077393,10.310822823148301
927,5.436499183638938,2.310781988723231e-13,10.418984295020469,12.50322397901279,10.31744696975258
928,5.444056122537462,2.0954600905414722e-13,10.426458814529735,12.51125634725165,10.324071116356862
929,5.451623565866058,1.8999076731339864e-13,10.433933334039002,12.519288715490507,10.330695262961143
930,5.45920152822628,1.7223376348337143e-13,10.44140785354827,12.527321083729365,10.337319409565422
931,5.46679002423998,1.561121794834623e-13,10.448882373057538,12.535353451968227,10.343943556169704
932,5.474389068549334,1.4147770040444846e-13,10.456356892566806,12.543385820207085,10.350567702773983
933,5.481998675816871,1.281952447628582e-13,10.463831412076072,12.551418188445943,10.357191849378264
934,5.489618860725498,1.16141803898984e-13,10.471305931585341,12.559450556684803,10.363815995982545
935,5.497249637978538,1.0520538131868307e-13,10.478780451094607,12.567482924923663,10.370440142586824
936,5.5048910222997485,9.528402353862884e-14,10.486254970603877,12.575515293162521,10.377064289191106
937,5.512543028433355,8.62849346926399e-14,10.493729490113143,12.583547661401381,10.383688435795385
938,5.520205671144075,7.812366779836984e-14,10.50120400962241,12.591580029640241,10.390312582399666
939,5.5278789652171545,7.072338617327501e-14,10.508678529131679,12.599612397879099,10.396936729003947
940,5.535562925458388,6.401418903052552e-14,10.516153048640946,12.607644766117959,10.403560875608227
941,5.54325756669415,5.79324957831384e-14,10.523627568150214,12.615677134356819,10.410185022212508
942,5.550962903771428,5.2420484041754566e-14,10.53110208765948,12.623709502595677,10.416809168816787
943,5.558678951557844,4.742557671114052e-14,10.53857660716875,12.631741870834535,10.423433315421068
944,5.566405724941687,4.2899973975887176e-14,10.546051126678016,12.639774239073395,10.43005746202535
945,5.574143238831943,3.880022631947266e-14,10.553525646187286,12.647806607312255,10.436681608629629
946,5.5818915081583205,3.508684504552871e-14,10.561000165696552,12.655838975551113,10.44330575523391
947,5.589650547871283,3.1723947068005066e-14,10.56847468520582,12.663871343789973,10.449929901838189
948,5.5974203729420715,2.8678931010239623e-14,10.575949204715087,12.671903712028833,10.45655404844247
949,5.605200998362741,2.5922181903602198e-14,10.583423724224355,12.67993608026769,10.463178195046751
950,5.612992439146185,2.3426802006284535e-14,10.590898243733623,12.68796844850655,10.46980234165103
951,5.620794710326169,2.1168365473597334e-14,10.59837276324289,12.69600081674541,10.476426488255312
952,5.628607826957347,1.9124694804375845e-14,10.605847282752158,12.704033184984269,10.483050634859591
953,5.636431804115308,1.727565716521921e-14,10.613321802261424,12.712065553223127,10.489674781463872
954,5.644266656896593,1.5602978856609297e-14,10.620796321770694,12.720097921461988,10.496298928068153
955,5.65211240041873,1.4090076333675179e-14,10.62827084127996,12.728130289700847,10.502923074672433
956,5.659969049820258,1.2721902330605007e-14,10.635745360789228,12.736162657939705,10.509547221276714
957,5.667836620260763,1.1484805762494283e-14,10.643219880298496,12.744195026178565,10.516171367880993
958,5.675715126920898,1.0366404192685969e-14,10.650694399807763,12.752227394417424,10.522795514485274
959,5.683604585002423,9.355467758274175e-15,10.658168919317031,12.760259762656283,10.529419661089555
960,5.6915050097282265,8.441813542218794e-15,10.665643438826299,12.768292130895142,10.536043807693835
961,5.699416416342357,7.616209468162966e-15,10.673117958335567,12.776324499134002,10.542667954298116
962,5.707338820110054,6.870286874252072e-15,10.680592477844833,12.78435686737286,10.549292100902395
963,5.715272236317774,6.19646099563813e-15,10.688066997354102,12.79238923561172,10.555916247506676
964,5.723216680273227,5.5878586524681686e-15,10.695541516863369,12.80042160385058,10.562540394110957
965,5.731172167305395,5.038252501551696e-15,10.703016036372638,12.808453972089438,10.569164540715237
966,5.739138712764572,4.542001266028082e-15,10.710490555881904,12.816486340328296,10.575788687319518
967,5.74711633202239,4.093995408677595e-15,10.717965075391172,12.824518708567158,10.582412833923797
968,5.755105040471847,3.6896077614267804e-15,10.72543959490044,12.832551076806016,10.589036980528078
969,5.763104853527335,3.3246486664664525e-15,10.732914114409708,12.840583445044874,10.59566112713236
970,5.771115786624677,2.995325223573605e-15,10.740388633918975,12.848615813283734,10.602285273736639
971,5.77913785522115,2.698204274010933e-15,10.747863153428241,12.856648181522594,10.608909420340918
972,5.787171074795519,2.4301787840662902e-15,10.755337672937511,12.864680549761452,10.6155335669452
973,5.795215460848063,2.188437321141494e-15,10.762812192446777,12.872712918000312,10.62215771354948
974,5.803271028900607,1.970436342556139e-15,10.770286711956047,12.880745286239172,10.628781860153762
975,5.811337794496555,1.7738750421126206e-15,10.777761231465313,12.88877765447803,10.635406006758041
976,5.8194157732009115,1.5966725221776394e-15,10.78523575097458,12.89681002271689,10.64203015336232
977,5.827504980600321,1.4369470797602353e-15,10.792710270483848,12.90484239095575,10.648654299966601
978,5.835605432303097,1.2929974139749082e-15,10.800184789993116,12.912874759194608,10.655278446570883
979,5.843717143939239,1.1632855795276118e-15,10.807659309502384,12.920907127433466,10.661902593175164
980,5.851840131160483,1.0464215265945727e-15,10.81513382901165,12.928939495672326,10.668526739779443
981,5.859974409640316,9.41149081812086e-16,10.82260834852092,12.936971863911186,10.675150886383722
982,5.8681199950740135,8.4633323817453e-16,10.830082868030185,12.945004232150044,10.681775032988003
983,5.876276903178669,7.609486335625076e-16,10.837557387539455,12.953036600388904,10.688399179592285
984,5.88444514969322,6.840691084911404e-16,10.845031907048721,12.961068968627764,10.695023326196566
985,5.892624750378486,6.148582435711974e-16,10.852506426557989,12.969101336866622,10.701647472800845
986,5.900815721017191,5.525607861989507e-16,10.859980946067257,12.977133705105482,10.708271619405124
987,5.909018077414001,4.964948842095717e-16,10.867455465576525,12.985166073344342,10.714895766009406
988,5.9172318353955475,4.460450517145994e-16,10.874929985085792,12.9931984415832,10.721519912613687
989,5.925457010810465,4.0065579916018593e-16,10.882404504595058,13.001230809822058,10.728144059217968
990,5.933693619529414,3.5982586584908883e-16,10.889879024104328,13.00926317806092,10.734768205822247
991,5.9419416774451195,3.2310299881792257e-16,10.897353543613594,13.017295546299778,10.741392352426526
992,5.9502012004723985,2.900792271027318e-16,10.904828063122864,13.025327914538636,10.748016499030808
993,5.958472204548185,2.603865851040905e-16,10.91230258263213,13.033360282777496,10.754640645635089
994,5.966754705631571,2.3369324301885607e-16,10.919777102141397,13.041392651016356,10.76126479223937
995,5.975048719703831,2.0970000617746728e-16,10.927251621650665,13.049425019255214,10.76788893884365
996,5.9833542627684535,1.8813714864632613e-16,10.934726141159933,13.057457387494074,10.774513085447929
997,5.991671350851173,1.6876154965637145e-16,10.9422006606692,13.065489755732933,10.78113723205221
998,6.0,1.513541043296236e-16,10.949675180178469,13.073522123971792,10.78776137865649
