CO2,density,dBWT,dGMST,dGMSST
1.5,0.0013080800959424494,3.3319260477957573,5.057218621590316,4.1768630675846445
1.502085056571313,0.0013743899342391285,3.339441726163131,5.065250989829175,4.183487214188925
1.5041730114498966,0.0014435191757043977,3.3469574045305044,5.073283358068034,4.190111360793205
1.506263868664507,0.0015155689605879687,3.3544730828978784,5.081315726306894,4.196735507397486
1.5083576322495005,0.0015906438066070404,3.361988761265252,5.089348094545753,4.203359654001766
1.510454306244842,0.001668851725219887,3.3695044396326255,5.097380462784612,4.209983800606047
1.512553894696111,0.001750304340190675,3.377020117999999,5.105412831023471,4.216607947210327
1.514656401654512,0.0018351170083192021,3.3845357963673726,5.113445199262331,4.223232093814607
1.5167618311768796,0.0019234089422058666,3.392051474734746,5.12147756750119,4.229856240418888
1.5188701873256876,0.0020153033349205682,3.39956715310212,5.129509935740049,4.236480387023168
1.5209814741690577,0.00211092748644267,3.4070828314694936,5.137542303978908,4.243104533627449
1.5230956957807653,0.0022104129317390415,3.414598509836867,5.1455746722177675,4.249728680231729
1.5252128562402496,0.002313895570348383,3.4221141882042407,5.1536070404566265,4.256352826836009
1.5273329596326195,0.0024215157973408326,3.4296298665716143,5.1616394086954855,4.262976973440289
1.529456010048663,0.0025334186355251164,3.437145544938988,5.1696717769343445,4.2696011200445705
1.531582011584854,0.0026497538687781006,3.444661223306362,5.177704145173204,4.276225266648851
1.5337109683433605,0.002770676176375697,3.4521769016737354,5.185736513412063,4.282849413253131
1.5358428844320533,0.0028963452682087714,3.459692580041109,5.193768881650922,4.289473559857411
1.537977763964513,0.003026926020772388,3.4672082584084825,5.201801249889781,4.296097706461691
1.540115611060038,0.0031625886138226225,3.474723936775856,5.20983361812864,4.3027218530659725
1.5422564298436532,0.0033035086676007942,3.4822396151432295,5.2178659863675,4.309345999670253
1.5444002244461168,0.003449867380531407,3.4897552935106035,5.225898354606359,4.315970146274533
1.5465469990039293,0.0036018516673064173,3.497270971877977,5.233930722845218,4.322594292878813
1.5486967576593411,0.0037596542972746744,3.5047866502453506,5.241963091084077,4.3292184394830935
1.5508495045603603,0.003923474033062394,3.512302328612724,5.249995459322937,4.335842586087375
1.553005243860761,0.004093515769356659,3.5198180069800977,5.258027827561796,4.342466732691655
1.5551639797200916,0.004269990671790103,3.5273336853474717,5.266060195800655,4.349090879295935
1.5573257163036816,0.0044531163158714,3.5348493637148453,5.274092564039514,4.355715025900215
1.5594904577826507,0.00464311682591156,3.542365042082219,5.282124932278374,4.3623391725044955
1.5616582083339172,0.004840223013901475,3.5498807204495924,5.290157300517233,4.368963319108777
1.563828972140205,0.005044672518301039,3.557396398816966,5.298189668756092,4.375587465713057
1.5660027533900522,0.005256709942704534,3.5649120771843394,5.306222036994951,4.382211612317337
1.568179556277819,0.005476586994350668,3.572427755551713,5.314254405233811,4.388835758921617
1.5703593850036963,0.005704562622449139,3.579943433919087,5.32228677347267,4.395459905525898
1.572542243773713,0.0059409031562973,3.5874591122864605,5.330319141711529,4.402084052130178
1.574728136799745,0.006185882443163598,3.594974790653834,5.338351509950388,4.408708198734459
1.5769170682995224,0.006439781985914173,3.6024904690212076,5.346383878189247,4.415332345338739
1.579109042496638,0.0067028910803604725,3.610006147388581,5.354416246428107,4.421956491943019
1.5813040636205564,0.006975506952304761,3.617521825755955,5.362448614666966,4.4285806385473
1.5835021359066204,0.007257934894259552,3.6250375041233287,5.370480982905825,4.43520478515158
1.5857032635960608,0.007550488401815477,3.6325531824907022,5.378513351144684,4.441828931755861
1.5879074509360032,0.00785348930962844,3.640068860858076,5.386545719383544,4.448453078360141
1.5901147021794773,0.00816726792699612,3.6475845392254493,5.394578087622403,4.4550772249644215
1.5923250215854245,0.008492163172986776,3.655100217592823,5.402610455861262,4.461701371568702
1.5945384134187064,0.008828522711081801,3.6626158959601964,5.410642824100121,4.468325518172982
1.5967548819501132,0.009176703083287103,3.6701315743275704,5.418675192338981,4.474949664777263
1.5989744314563705,0.00953706984366208,3.677647252694944,5.42670756057784,4.481573811381543
1.6011970662201505,0.009909997691211375,3.6851629310623175,5.434739928816699,4.4881979579858235
1.6034227905300769,0.01029587060207458,3.692678609429691,5.442772297055558,4.494822104590104
1.6056516086807355,0.010695081960945594,3.7001942877970646,5.450804665294417,4.501446251194384
1.6078835249726817,0.01110803469164408,3.7077099661644386,5.4588370335332765,4.508070397798665
1.6101185437124486,0.011535141386754084,3.715225644531812,5.4668694017721355,4.514694544402945
1.6123566692125557,0.011976824436238261,3.7227413228991857,5.4749017700109945,4.521318691007226
1.614597905791517,0.012433516154926768,3.7302570012665592,5.4829341382498535,4.527942837611506
1.6168422577738497,0.01290565890877335,3.737772679633933,5.490966506488713,4.534566984215786
1.619089729490082,0.01339370523976149,3.7452883580013063,5.498998874727572,4.541191130820067
1.6213403252767609,0.01389811798933704,3.7528040363686803,5.507031242966431,4.547815277424347
1.6235940494764631,0.014419370420234763,3.760319714736054,5.51506361120529,4.554439424028628
1.6258509064378002,0.014957946336557039,3.7678353931034274,5.52309597944415,4.561063570632908
1.6281109005154293,0.015514340201958911,3.775351071470801,5.531128347683009,4.567687717237188
1.63037403607006,0.016089057255780796,3.7828667498381745,5.539160715921868,4.574311863841468
1.632640317468464,0.016682613626967675,3.7903824282055485,5.547193084160727,4.5809360104457495
1.634909749083483,0.017295536445602534,3.797898106572922,5.555225452399586,4.58756015705003
1.6371823352940365,0.01792836395187705,3.8054137849402956,5.563257820638446,4.59418430365431
1.6394580804851315,0.018581645602315518,3.812929463307669,5.571290188877305,4.60080845025859
1.6417369890478701,0.019255942173060186,3.8204451416750427,5.579322557116164,4.60743259686287
1.6440190653794582,0.019951825860022986,3.8279608200424162,5.587354925355024,4.6140567434671516
1.6463043138832139,0.02066988037569976,3.8354764984097898,5.595387293593883,4.620680890071432
1.6485927389685762,0.021410701042440493,3.8429921767771638,5.603419661832742,4.627305036675712
1.650884345051113,0.022174894881962573,3.8505078551445373,5.611452030071601,4.633929183279992
1.6531791365525308,0.022963080700890325,3.858023533511911,5.61948439831046,4.6405533298842725
1.655477117900682,0.02377588917209966,3.8655392118792844,5.62751676654932,4.647177476488553
1.6577782935295735,0.024613962911643132,3.8730548902466584,5.635549134788179,4.653801623092834
1.660082667879376,0.025477956551027373,3.880570568614032,5.643581503027038,4.660425769697114
1.6623902453964328,0.026368536804612316,3.8880862469814055,5.651613871265897,4.667049916301394
1.6647010305332663,0.02728638253189767,3.895601925348779,5.659646239504757,4.6736740629056746
1.6670150277485898,0.02823218479446313,3.9031176037161526,5.667678607743616,4.680298209509955
1.669332241507313,0.029206646907322303,3.910633282083526,5.675710975982475,4.686922356114236
1.6716526762805528,0.030210484484454764,3.9181489604508997,5.683743344221334,4.693546502718516
1.6739763365456408,0.031244425478274353,3.925664638818273,5.691775712460194,4.700170649322796
1.6763032267861322,0.032309210212794356,3.933180317185647,5.699808080699053,4.706794795927077
1.6786333514918146,0.03340559141024951,3.9406959955530207,5.707840448937912,4.713418942531357
1.6809667151587169,0.034534334210934006,3.9482116739203943,5.715872817176771,4.720043089135638
1.6833033222891172,0.03569621618601487,3.955727352287768,5.72390518541563,4.726667235739918
1.685643177391552,0.036892027343083576,3.963243030655142,5.73193755365449,4.733291382344198
1.6879862849808247,0.03812257012420516,3.9707587090225154,5.739969921893349,4.739915528948479
1.6903326495780153,0.03938865939622981,3.978274387389889,5.748002290132208,4.746539675552759
1.692682275710487,0.040691122433130784,3.9857900657572625,5.756034658371067,4.75316382215704
1.6950351679118971,0.04203079889013717,3.993305744124636,5.7640670266099265,4.75978796876132
1.6973913307222048,0.04340854076942745,4.00082142249201,5.7720993948487855,4.7664121153656005
1.6997507686876798,0.04482521237715901,4.008337100859383,5.7801317630876445,4.773036261969881
1.7021134863609109,0.046281690271604566,4.015852779226757,5.7881641313265035,4.779660408574161
1.7044794883008159,0.047778863202177134,4.02336845759413,5.796196499565363,4.786284555178442
1.7068487790726492,0.04931763203911908,4.030884135961504,5.804228867804222,4.792908701782722
1.7092213632480113,0.05089890969364439,4.038399814328878,5.812261236043081,4.799532848387003
1.7115972454048571,0.052523621028319756,4.045915492696252,5.82029360428194,4.806156994991283
1.7139764301275058,0.0541927027574783,4.053431171063625,5.828325972520799,4.812781141595563
1.716358922006648,0.05590710333745999,4.060946849430999,5.836358340759659,4.819405288199844
1.7187447256393558,0.05766778284648517,4.068462527798372,5.844390708998518,4.826029434804124
1.7211338456290919,0.05947571285396252,4.075978206165746,5.852423077237377,4.832653581408405
1.7235262865857175,0.061331876279045065,4.0834938845331195,5.860455445476237,4.839277728012685
1.7259220531255017,0.0632372672382522,4.091009562900493,5.868487813715096,4.845901874616965
1.7283211498711306,0.06519289088197808,4.0985252412678665,5.876520181953955,4.852526021221245
1.7307235814517161,0.06719976321971716,4.10604091963524,5.884552550192814,4.8591501678255264
1.7331293525028044,0.06925891093383899,4.113556598002614,5.892584918431673,4.865774314429807
1.7355384676663854,0.07137137118175747,4.121072276369988,5.900617286670533,4.872398461034087
1.7379509315909016,0.0735381913863385,4.128587954737362,5.908649654909392,4.879022607638367
1.7403667489312573,0.0757604290144031,4.136103633104735,5.916682023148251,4.885646754242647
1.7427859243488266,0.07803915134318995,4.143619311472109,5.92471439138711,4.8922709008469285
1.7452084625114634,0.0803754352146429,4.151134989839482,5.932746759625969,4.898895047451209
1.7476343680935107,0.08277036677740623,4.158650668206856,5.940779127864829,4.905519194055489
1.750063645775808,0.08522504121641,4.166166346574229,5.948811496103688,4.912143340659769
1.7524963002457021,0.08774056246994175,4.173682024941603,5.956843864342547,4.918767487264049
1.7549323361970548,0.09031804293410624,4.181197703308976,5.964876232581407,4.92539163386833
1.7573717583302533,0.0929586031545876,4.18871338167635,5.972908600820266,4.932015780472611
1.7598145713522175,0.09566337150563066,4.1962290600437235,5.980940969059125,4.938639927076891
1.7622607799764112,0.09843348385617859,4.203744738411098,5.988973337297984,4.945264073681171
1.7647103889228493,0.10127008322310026,4.211260416778471,5.997005705536843,4.9518882202854515
1.767163402918108,0.10417431941146364,4.218776095145845,6.005038073775703,4.958512366889732
1.7696198266953336,0.10714734864181215,4.226291773513219,6.013070442014562,4.965136513494013
1.7720796649942516,0.11019033316441845,4.233807451880592,6.021102810253421,4.971760660098293
1.7745429225611762,0.11330444086049761,4.241323130247966,6.02913517849228,4.978384806702573
1.7770096041490182,0.11649084483036654,4.248838808615339,6.03716754673114,4.985008953306854
1.7794797145172965,0.11975072296856756,4.256354486982713,6.045199914969999,4.991633099911134
1.7819532584321451,0.123085257525958,4.263870165350086,6.053232283208858,4.998257246515415
1.7844302406663228,0.126495634658804,4.27138584371746,6.061264651447717,5.004881393119695
1.7869106659992235,0.12998304396491342,4.278901522084833,6.0692970196865765,5.011505539723975
1.7893945392168842,0.13354867800686285,4.286417200452207,6.0773293879254355,5.018129686328256
1.791881865111995,0.1371937318223841,4.2939328788195805,6.0853617561642945,5.024753832932536
1.7943726484839073,0.14091940242197848,4.301448557186955,6.0933941244031535,5.031377979536817
1.7968668941386445,0.14472688827386798,4.3089642355543285,6.1014264926420125,5.038002126141097
1.7993646068889104,0.1486173887763666,4.316479913921702,6.109458860880872,5.0446262727453774
1.8018657915540983,0.15259210371780005,4.323995592289076,6.117491229119731,5.051250419349658
1.804370452960301,0.15665223272410045,4.331511270656449,6.12552359735859,5.057874565953938
1.8068785959403197,0.16079897469422208,4.339026949023823,6.13355596559745,5.064498712558219
1.8093902253336733,0.16503352722352557,4.346542627391196,6.141588333836309,5.071122859162499
1.8119053459866077,0.16935708601531588,4.35405830575857,6.149620702075168,5.0777470057667795
1.8144239627521055,0.17377084428070738,4.361573984125943,6.157653070314027,5.08437115237106
1.8169460804898951,0.17827599212701592,4.369089662493317,6.165685438552886,5.09099529897534
1.8194717040664596,0.18287371593489377,4.37660534086069,6.173717806791746,5.097619445579621
1.8220008383550477,0.18756519772443686,4.384121019228065,6.181750175030605,5.104243592183901
1.824533488235681,0.19235161451048824,4.3916366975954375,6.189782543269464,5.110867738788182
1.8270696585951656,0.1972341376474176,4.399152375962812,6.197814911508323,5.117491885392462
1.8296093543270993,0.20221393216362027,4.4066680543301855,6.205847279747182,5.124116031996742
1.832152580331883,0.20729215608603838,4.414183732697559,6.213879647986042,5.130740178601022
1.8346993415167294,0.21246995975498867,4.421699411064933,6.221912016224901,5.137364325205303
1.8372496427956715,0.21774848512960934,4.429215089432306,6.22994438446376,5.143988471809584
1.8398034890895738,0.22312886508426136,4.43673076779968,6.23797675270262,5.150612618413864
1.842360885326141,0.22861222269620418,4.444246446167053,6.246009120941479,5.157236765018144
1.8449218364399276,0.23419967052491464,4.451762124534427,6.254041489180338,5.163860911622424
1.8474863473723464,0.23989230988340784,4.4592778029018,6.262073857419197,5.1704850582267055
1.8500544230716796,0.24569123010193708,4.466793481269175,6.270106225658056,5.177109204830986
1.852626068493088,0.2515975077844785,4.474309159636547,6.278138593896916,5.183733351435266
1.8552012885986195,0.25761220605837987,4.481824838003922,6.286170962135775,5.190357498039546
1.8577800883572202,0.2637363738176329,4.489340516371295,6.294203330374634,5.196981644643826
1.8603624727447428,0.2699710449601521,4.496856194738669,6.302235698613493,5.203605791248107
1.8629484467439568,0.2763172376195534,4.5043718731060425,6.310268066852352,5.210229937852388
1.8655380153445573,0.2827759533918454,4.511887551473416,6.318300435091212,5.216854084456668
1.8681311835431762,0.28934817655753864,4.51940322984079,6.326332803330071,5.223478231060948
1.8707279563433907,0.29603487329962563,4.526918908208163,6.33436517156893,5.2301023776652285
1.8733283387557327,0.30283699091793786,4.534434586575537,6.34239753980779,5.236726524269509
1.8759323357976991,0.30975545704037805,4.54195026494291,6.350429908046649,5.24335067087379
1.8785399524937616,0.3167911788315456,4.549465943310285,6.358462276285508,5.24997481747807
1.881151193875376,0.3239450421992668,4.556981621677657,6.366494644524367,5.25659896408235
1.8837660649809913,0.33121791099957804,4.564497300045032,6.374527012763226,5.2632231106866305
1.8863845708560614,0.3386106262407059,4.572012978412405,6.3825593810020855,5.269847257290911
1.889006716553053,0.34612400528657383,4.579528656779779,6.3905917492409445,5.276471403895192
1.8916325071314553,0.35375884106042305,4.587044335147152,6.3986241174798035,5.283095550499472
1.894261947657791,0.3615159012491111,4.594560013514526,6.406656485718663,5.289719697103752
1.896895043205626,0.3693959275086532,4.6020756918818995,6.4146888539575215,5.296343843708033
1.8995317988555775,0.3773996346716014,4.609591370249273,6.422721222196381,5.302967990312313
1.9021722196953255,0.38552770995684926,4.617107048616647,6.43075359043524,5.309592136916594
1.9048163108196223,0.3937808121824715,4.62462272698402,6.438785958674099,5.316216283520874
1.9074640773303013,0.4021595709821726,4.632138405351394,6.446818326912959,5.322840430125154
1.9101155243362888,0.4106645860259931,4.639654083718767,6.454850695151818,5.329464576729435
1.9127706569536118,0.41929642624585306,4.647169762086142,6.462883063390677,5.336088723333715
1.915429480305409,0.42805562906656247,4.654685440453514,6.470915431629536,5.342712869937996
1.918091999521941,0.4369426996429323,4.662201118820889,6.478947799868395,5.349337016542276
1.9207582197405983,0.44595811010358116,4.669716797188262,6.486980168107255,5.3559611631465565
1.9234281461059144,0.4551022988021021,4.677232475555636,6.495012536346114,5.362585309750837
1.9261017837695722,0.46437566957616566,4.684748153923009,6.503044904584973,5.369209456355117
1.9287791378904164,0.4737785910152572,4.692263832290383,6.511077272823833,5.375833602959398
1.9314602136344632,0.4833113957376032,4.6997795106577565,6.519109641062692,5.382457749563678
1.9341450161749085,0.4929743796769703,4.70729518902513,6.527142009301551,5.3890818961679585
1.9368335506921408,0.5027678013799467,4.7148108673925035,6.53517437754041,5.395706042772239
1.9395258223737475,0.5126918813143208,4.722326545759877,6.543206745779269,5.402330189376519
1.942221836414529,0.5227468011892151,4.7298422241272515,6.551239114018129,5.4089543359808
1.9449215980165049,0.532932703287539,4.737357902494624,6.559271482256988,5.4155784825850795
1.9476251123889268,0.5432496898114597,4.744873580861999,6.567303850495847,5.422202629189361
1.9503323847482874,0.5536978222414274,4.752389259229372,6.575336218734706,5.428826775793641
1.95304342031833,0.5642771207094079,4.759904937596746,6.583368586973565,5.435450922397921
1.95575822433006,0.5749875633869151,4.767420615964119,6.591400955212425,5.442075069002201
1.9584768020217524,0.5858290858884453,4.774936294331493,6.599433323451284,5.4486992156064815
1.9611991586389659,0.5968015806908896,4.782451972698866,6.607465691690143,5.455323362210763
1.9639252994345484,0.6079048965695228,4.78996765106624,6.615498059929003,5.461947508815043
1.966655229668651,0.6191388380511441,4.797483329433613,6.623530428167862,5.468571655419323
1.9693889546087362,0.630503164884917,4.804999007800987,6.631562796406721,5.475195802023603
1.9721264795295883,0.6419975915314825,4.812514686168361,6.63959516464558,5.481819948627884
1.9748678097133243,0.6536217866708873,4.820030364535734,6.647627532884439,5.488444095232165
1.9776129504494027,0.6653753727298569,4.8275460429031085,6.655659901123299,5.495068241836445
1.980361907034635,0.6772579254289439,4.835061721270482,6.663692269362158,5.501692388440725
1.9831146847731953,0.689268973350058,4.842577399637856,6.671724637601017,5.508316535045005
1.9858712889766312,0.7014079975248794,4.850093078005229,6.679757005839876,5.514940681649286
1.988631724963873,0.7136744310446377,4.857608756372603,6.687789374078735,5.521564828253567
1.9913959980612446,0.726067658691733,4.865124434739976,6.6958217423175945,5.528188974857847
1.9941641136024744,0.7385870165936581,4.87264011310735,6.7038541105564535,5.534813121462127
1.9969360769287032,0.7512317918996241,4.880155791474723,6.7118864787953125,5.5414372680664075
1.9997118933884983,0.7640012224804127,4.887671469842097,6.719918847034172,5.548061414670688
2.00249156833786,0.7768944966517379,4.895187148209471,6.727951215273031,5.554685561274969
2.0052751071402346,0.7899107529216112,4.902702826576844,6.73598358351189,5.561309707879249
2.0080625151665235,0.8030490797620318,4.910218504944218,6.744015951750749,5.567933854483529
2.0108537977950935,0.8163085154053801,4.917734183311592,6.752048319989608,5.5745580010878095
2.013648960411789,0.8296880476658605,4.9252498616789655,6.760080688228468,5.58118214769209
2.0164480084099385,0.8431866137862738,4.932765540046339,6.768113056467327,5.587806294296371
2.0192509471903697,0.8568031003104962,4.940281218413713,6.776145424706186,5.594430440900651
2.022057782161416,0.8705363429818481,4.947796896781086,6.784177792945046,5.601054587504931
2.0248685187389293,0.8843851266677152,4.95531257514846,6.792210161183904,5.607678734109212
2.0276831623462903,0.8983481853105912,4.962828253515833,6.800242529422764,5.614302880713492
2.0305017184144174,0.9124242019057912,4.970343931883207,6.808274897661623,5.620927027317773
2.0333241923817793,0.9266118085060425,4.97785961025058,6.816307265900482,5.627551173922053
2.036150589694403,0.9409095862531048,4.985375288617954,6.824339634139342,5.634175320526333
2.0389809158058867,0.9553160654366194,4.992890966985328,6.832372002378201,5.640799467130614
2.041815176177409,0.9698297255802772,5.000406645352701,6.84040437061706,5.647423613734894
2.044653376277739,0.9844489955554513,5.007922323720075,6.848436738855919,5.654047760339175
2.047495521583249,0.9991722537223631,5.015438002087449,6.856469107094778,5.660671906943455
2.0503416175779234,1.0139978280988784,5.0229536804548225,6.864501475333638,5.6672960535477355
2.0531916697533688,1.0289239965569466,5.030469358822196,6.872533843572497,5.673920200152016
2.056045683608825,1.0439489870467167,5.03798503718957,6.880566211811356,5.680544346756296
2.0589036646511776,1.0590709778483678,5.045500715556943,6.888598580050216,5.687168493360577
2.061765618394965,1.0742880978515563,5.053016393924317,6.896630948289075,5.693792639964856
2.064631550362393,1.0895984268625318,5.06053207229169,6.904663316527934,5.7004167865691375
2.0675014660833417,1.1049999959387427,5.068047750659064,6.912695684766793,5.707040933173418
2.070375371095379,1.1204907877509473,5.075563429026438,6.920728053005652,5.713665079777698
2.073253270943771,1.136068736972646,5.083079107393811,6.928760421244512,5.720289226381978
2.0761351711814893,1.1517317306967145,5.090594785761185,6.936792789483371,5.7269133729862585
2.079021077369227,1.1674776088791157,5.098110464128559,6.94482515772223,5.73353751959054
2.081910995075405,1.1833041648094509,5.105626142495932,6.952857525961089,5.74016166619482
2.0848049298761855,1.199209145608192,5.113141820863306,6.960889894199948,5.7467858127991
2.0877028873554817,1.2151902527503382,5.1206574992306795,6.968922262438808,5.75340995940338
2.0906048731049682,1.2312451426152888,5.128173177598053,6.976954630677667,5.7600341060076605
2.093510892724093,1.2473714270626104,5.135688855965427,6.984986998916526,5.766658252611942
2.096420951820086,1.263566674033457,5.1432045343328,6.9930193671553855,5.773282399216222
2.0993350560079738,1.2798284081773186,5.150720212700174,7.0010517353942445,5.779906545820502
2.102253210910585,1.2961541115037178,5.158235891067548,7.0090841036331035,5.786530692424782
2.1051754221585672,1.312541224058605,5.165751569434921,7.0171164718719625,5.793154839029063
2.108101695390393,1.3289871446249724,5.173267247802295,7.0251488401108215,5.799778985633344
2.1110320362523725,1.3454892314473519,5.180782926169669,7.033181208349681,5.806403132237624
2.1139664503986664,1.3620448029797982,5.188298604537042,7.04121357658854,5.813027278841904
2.1169049434912925,1.3786511386568736,5.195814282904416,7.049245944827399,5.819651425446184
2.1198475212001404,1.395305479687243,5.203329961271789,7.057278313066259,5.826275572050465
2.1227941892029807,1.4120050298693767,5.210845639639163,7.065310681305117,5.832899718654746
2.1257449531854755,1.428746956428896,5.2183613180065365,7.073343049543977,5.839523865259026
2.1286998188411923,1.4455283908770697,5.22587699637391,7.081375417782836,5.846148011863306
2.131658791871611,1.4623464298899087,5.233392674741284,7.089407786021695,5.8527721584675865
2.1346218779861372,1.479198136207391,5.240908353108657,7.097440154260555,5.859396305071867
2.137589082902113,1.496080539552192,5.248424031476031,7.105472522499414,5.866020451676148
2.140560412344828,1.5129906375674562,5.255939709843405,7.113504890738273,5.872644598280428
2.1435358720475293,1.5299253967729396,5.263455388210778,7.121537258977132,5.879268744884708
2.1465154677514344,1.5468817535390178,5.270971066578152,7.129569627215991,5.8858928914889885
2.1494992052057413,1.5638566150779063,5.278486744945526,7.137601995454851,5.892517038093269
2.152487090167639,1.5808468604515193,5.286002423312899,7.14563436369371,5.89914118469755
2.1554791284023196,1.597849341595299,5.293518101680273,7.153666731932569,5.90576533130183
2.1584753256829887,1.6148608843574892,5.301033780047646,7.161699100171429,5.91238947790611
2.161475687790877,1.631878289553046,5.30854945841502,7.169731468410287,5.919013624510391
2.1644802205152516,1.648898334031706,5.3160651367823935,7.177763836649147,5.925637771114671
2.1674889296534263,1.665917771759454,5.323580815149767,7.185796204888006,5.932261917718952
2.1705018210107747,1.6829333349127662,5.3310964935171405,7.193828573126865,5.938886064323232
2.173518900400738,1.699941734984885,5.338612171884515,7.201860941365725,5.945510210927512
2.176540173644841,1.7169396639036227,5.346127850251888,7.209893309604584,5.952134357531793
2.179565646572698,1.7339237951597846,5.353643528619262,7.217925677843443,5.958758504136073
2.1825953250220276,1.7508907849457067,5.361159206986635,7.225958046082303,5.965382650740354
2.185629214838664,1.7678372733031325,5.368674885354009,7.233990414321161,5.972006797344633
2.188667321876566,1.7847598852797582,5.376190563721383,7.242022782560021,5.9786309439489145
2.1917096519978303,1.8016552320937318,5.383706242088756,7.25005515079888,5.985255090553195
2.194756211072703,1.8185199123054727,5.39122192045613,7.258087519037739,5.991879237157475
2.197807004979588,1.835350512996014,5.398737598823503,7.266119887276599,5.998503383761755
2.2008620396050613,1.8521436109512694,5.406253277190877,7.274152255515457,6.005127530366035
2.203921320843883,1.8688957738514909,5.41376895555825,7.282184623754317,6.0117516769703165
2.2069848545990047,1.8856035614651754,5.421284633925625,7.290216991993176,6.018375823574597
2.210052646781585,1.9022635268468517,5.4288003122929975,7.298249360232035,6.024999970178877
2.213124703310998,1.9188722175378967,5.436315990660372,7.3062817284708945,6.031624116783157
2.216201030114847,1.9354261767698717,5.443831669027745,7.3143140967097535,6.0382482633874375
2.219281633128975,1.9519219446695522,5.451347347395119,7.3223464649486125,6.044872409991719
2.2223665182974752,1.968356059465025,5.458863025762493,7.330378833187472,6.051496556595999
2.2254556915727033,1.98472505869226,5.466378704129866,7.3384112014263305,6.058120703200279
2.22854915891529,2.0010254804013754,5.47389438249724,7.34644356966519,6.064744849804559
2.2316469262941503,2.017253864362,5.481410060864613,7.354475937904049,6.0713689964088395
2.234748999686497,2.033406753267088,5.488925739231987,7.362508306142908,6.077993143013121
2.2378553850778515,2.049480693934534,5.49644141759936,7.370540674381768,6.084617289617401
2.240966088462055,2.065472238505957,5.503957095966735,7.378573042620626,6.091241436221681
2.24408111584128,2.0813779456420387,5.511472774334107,7.386605410859486,6.097865582825961
2.247200473226043,2.0971943817137877,5.518988452701482,7.394637779098345,6.104489729430242
2.250324166635215,2.112918121989147,5.5265041310688545,7.402670147337204,6.111113876034523
2.253452202096033,2.1285457518143547,5.534019809436229,7.410702515576064,6.117738022638803
2.2565845856441133,2.1440738677894546,5.5415354878036025,7.418734883814923,6.124362169243083
2.2597213233234603,2.1594990789374116,5.549051166170976,7.426767252053782,6.130986315847363
2.262862421186482,2.174818007866286,5.55656684453835,7.434799620292642,6.137610462451644
2.2660078852939973,2.1900272919238444,5.564082522905723,7.4428319885315,6.144234609055925
2.26915772171525,2.205123584344226,5.571598201273097,7.45086435677036,6.150858755660205
2.272311936527922,2.2201035553860136,5.57911387964047,7.458896725009219,6.157482902264485
2.2754705358181426,2.234963893461225,5.586629558007845,7.466929093248078,6.1641070488687655
2.2786335256805006,2.2497013062548423,5.594145236375217,7.474961461486938,6.170731195473046
2.2818009122180567,2.264312521834224,5.601660914742592,7.482993829725797,6.177355342077327
2.284972701542356,2.2787942897481224,5.609176593109964,7.491026197964656,6.183979488681606
2.288148899773437,2.2931433821147484,5.616692271477339,7.499058566203515,6.190603635285887
2.2913295130398477,2.307356594698438,5.6242079498447115,7.507090934442374,6.1972277818901675
2.2945145474786526,2.321430747974612,5.631723628212086,7.515123302681234,6.203851928494448
2.2977040092354484,2.3353626881825384,5.6392393065794595,7.523155670920093,6.210476075098729
2.300897904464374,2.3491492883654765,5.646754984946833,7.531188039158952,6.217100221703008
2.304096239328123,2.3627874493979686,5.654270663314207,7.539220407397812,6.223724368307289
2.307299019997956,2.376274100999802,5.66178634168158,7.54725277563667,6.23034851491157
2.31050625265371,2.3896062027363123,5.669302020048954,7.55528514387553,6.23697266151585
2.3137179434838138,2.402780745004793,5.676817698416327,7.563317512114389,6.243596808120131
2.316934098685298,2.4157947500065875,5.684333376783702,7.571349880353248,6.25022095472441
2.3201547244638063,2.428645272704615,5.691849055151074,7.579382248592108,6.256845101328691
2.3233798270336106,2.4413294017660814,5.699364733518449,7.587414616830967,6.263469247932972
2.326609412617619,2.453844260490081,5.706880411885821,7.595446985069826,6.270093394537252
2.329843487447391,2.4661870077198045,5.714396090253196,7.6034793533086855,6.276717541141533
2.3330820577631464,2.478354838739187,5.721911768620569,7.611511721547544,6.283341687745812
2.336325129813781,2.4903449861537172,5.729427446987943,7.6195440897864035,6.2899658343500935
2.3395727098568755,2.5021547207552364,5.7369431253553165,7.6275764580252625,6.296589980954374
2.34282480415871,2.513781352370537,5.74445880372269,7.6356088262641215,6.303214127558654
2.3460814189942742,2.525222230693522,5.751974482090064,7.643641194502981,6.309838274162935
2.3493425606472806,2.5364747461008665,5.759490160457437,7.6516735627418395,6.316462420767214
2.3526082354101763,2.5475363304509195,5.7670058388248115,7.659705930980699,6.3230865673714955
2.3558784495841545,2.5584044578657665,5.774521517192184,7.667738299219558,6.329710713975776
2.359153209479168,2.569076645496391,5.782037195559559,7.675770667458417,6.336334860580056
2.3624325214139406,2.579550454270608,5.789552873926931,7.683803035697277,6.342959007184337
2.365716391715979,2.5898234896239507,5.797068552294306,7.691835403936136,6.3495831537886165
2.369004826721586,2.5998934022132154,5.804584230661679,7.699867772174995,6.356207300392898
2.3722978327758715,2.6097578886126334,5.812099909029053,7.707900140413855,6.362831446997178
2.3755954162327657,2.6194146919927013,5.819615587396426,7.715932508652713,6.369455593601458
2.3788975834550308,2.6288616027814316,5.8271312657638,7.723964876891573,6.376079740205738
2.3822043408142735,2.638096459308154,5.8346469441311735,7.731997245130432,6.3827038868100185
2.3855156946909566,2.647117148429766,5.842162622498547,7.740029613369291,6.3893280334143
2.388831651474414,2.655921606139329,5.849678300865921,7.748061981608151,6.39595218001858
2.3921522175628587,2.664507818157125,5.857193979233294,7.75609434984701,6.40257632662286
2.3954773993633993,2.672873820504067,5.8647096576006685,7.764126718085869,6.40920047322714
2.398807203292049,2.6810177000575184,5.872225335968041,7.772159086324728,6.415824619831421
2.402141635773741,2.6889375950894956,5.879741014335416,7.780191454563587,6.422448766435702
2.4054807032423375,2.696631695787238,5.887256692702788,7.788223822802447,6.429072913039981
2.4088244121406457,2.7040982447562865,5.894772371070163,7.796256191041306,6.435697059644262
2.4121727689204278,2.7113355375059256,5.902288049437536,7.804288559280165,6.442321206248542
2.4155257800424144,2.7183419229171544,5.90980372780491,7.812320927519025,6.448945352852823
2.418883451976317,2.7251158036931837,5.917319406172283,7.820353295757883,6.455569499457104
2.4222457912008393,2.7316556367924427,5.924835084539657,7.828385663996743,6.462193646061383
2.425612804203692,2.7379599338442757,5.9323507629070305,7.836418032235602,6.468817792665664
2.428984497481603,2.7440272615471937,5.939866441274404,7.844450400474461,6.4754419392699445
2.4323608775403303,2.7498562420499355,5.947382119641778,7.852482768713321,6.482066085874225
2.435741950894677,2.755445553315224,5.954897798009151,7.86051513695218,6.488690232478506
2.439127724068501,2.760793929466377,5.9624134763765255,7.868547505191039,6.495314379082785
2.4425182035947284,2.765900161116806,5.969929154743898,7.876579873429899,6.501938525687066
2.4459133960153663,2.770763095682465,5.977444833111273,7.884612241668757,6.5085626722913466
2.4493133078815164,2.775381637677284,5.984960511478646,7.892644609907617,6.515186818895627
2.4527179457533848,2.77975474899173,5.99247618984602,7.900676978146476,6.521810965499908
2.456127316200299,2.783881449154465,5.999991868213393,7.908709346385335,6.528435112104187
2.4595414258007153,2.787760815577252,6.007507546580767,7.9167417146241945,6.535059258708468
2.462960281142237,2.791391983783111,6.01502322494814,7.924774082863053,6.541683405312749
2.466383888821623,2.79477414761782,6.022538903315514,7.9328064511019125,6.548307551917029
2.469812255444802,2.7979065594448294,6.030054581682888,7.9408388193407715,6.55493169852131
2.473245387626885,2.800788530323644,6.037570260050261,7.9488711875796305,6.561555845125589
2.4766832919921793,2.8034194301717346,6.045085938417635,7.95690355581849,6.56817999172987
2.480125975174199,2.8057986879100087,6.052601616785008,7.964935924057349,6.574804138334151
2.4835734438156796,2.807925791592018,6.0601172951523825,7.972968292296208,6.581428284938431
2.4870257045685906,2.809800288516725,6.067632973519756,7.981000660535068,6.588052431542712
2.4904827640941476,2.8114217853252064,6.07514865188713,7.989033028773926,6.594676578146991
2.4939446290628253,2.8127899480809972,6.082664330254503,7.997065397012786,6.6013007247512725
2.4974113061543712,2.8139045023344154,6.090180008621877,8.005097765251644,6.607924871355553
2.500882802057817,2.8147652331707067,6.09769568698925,8.013130133490504,6.614549017959833
2.504359123471493,2.8153719852422032,6.105211365356624,8.021162501729364,6.621173164564114
2.5078402771030412,2.8157246627843984,6.112727043723998,8.029194869968222,6.627797311168393
2.511326269669426,2.8158232296161003,6.120242722091371,8.037227238207082,6.634421457772675
2.51481710789695,2.8156677091236015,6.127758400458745,8.045259606445942,6.641045604376955
2.5183127985212637,2.8152581842289415,6.135274078826118,8.0532919746848,6.647669750981235
2.5218133482873832,2.8145947973422856,6.142789757193492,8.06132434292366,6.654293897585515
2.5253187639496977,2.8136777502984134,6.150305435560865,8.06935671116252,6.6609180441897955
2.5288290522719863,2.8125073042773523,6.1578211139282395,8.077389079401378,6.667542190794077
2.532344220027431,2.8110837797092296,6.165336792295613,8.085421447640238,6.674166337398357
2.5358642739986275,2.8094075561632192,6.172852470662987,8.093453815879096,6.680790484002637
2.5393892209776006,2.807479072220726,6.18036814903036,8.101486184117956,6.687414630606917
2.5429190677658142,2.8052988253327484,6.187883827397734,8.109518552356814,6.6940387772111976
2.5464538211741896,2.8028673716614287,6.195399505765107,8.117550920595674,6.700662923815479
2.5499934880231128,2.8001853259057965,6.202915184132481,8.125583288834534,6.707287070419758
2.5535380751424515,2.7972533611117085,6.210430862499855,8.133615657073392,6.713911217024039
2.557087589371567,2.794072208465969,6.217946540867228,8.141648025312252,6.720535363628319
2.5606420375593286,2.7906426570746024,6.225462219234602,8.149680393551112,6.7271595102326
2.5642014265641246,2.786965553725341,6.232977897601975,8.15771276178997,6.733783656836881
2.5677657632538766,2.7830418026342194,6.240493575969349,8.16574513002883,6.74040780344116
2.571335054506054,2.7788723651763334,6.248009254336723,8.17377749826769,6.747031950045441
2.574909307207684,2.774458259600721,6.2555249327040965,8.181809866506548,6.753656096649721
2.57848852825537,2.7698005607293306,6.26304061107147,8.189842234745408,6.760280243254002
2.582072724555299,2.7649003996400907,6.270556289438844,8.197874602984266,6.766904389858283
2.5856619030232606,2.759758963334098,6.278071967806217,8.205906971223126,6.773528536462562
2.5892560705846557,2.754377494386769,6.285587646173591,8.213939339461984,6.780152683066843
2.5928552341745124,2.7487572905831197,6.293103324540965,8.221971707700844,6.7867768296711235
2.5964594007374986,2.742899704536992,6.300619002908338,8.230004075939704,6.793400976275404
2.6000685772279355,2.7368061432943382,6.308134681275712,8.238036444178562,6.800025122879685
2.603682770609811,2.7304780679204694,6.315650359643085,8.246068812417422,6.806649269483964
2.6073019878567942,2.723916993071258,6.323166038010459,8.254101180656281,6.813273416088245
2.6109262359522463,2.7171244865483484,6.330681716377833,8.26213354889514,6.819897562692526
2.6145555218892373,2.710102168838289,6.338197394745206,8.270165917134,6.826521709296806
2.618189852670556,2.702851712635615,6.34571307311258,8.27819828537286,6.833145855901087
2.6218292353087267,2.695374842349881,6.3532287514799535,8.286230653611717,6.839770002505366
2.625473676826021,2.687673333596632,6.360744429847327,8.294263021850577,6.846394149109647
2.629123184254471,2.679749012672319,6.368260108214701,8.302295390089435,6.853018295713928
2.6327777646358856,2.6716037560131767,6.375775786582075,8.310327758328295,6.859642442318208
2.6364374250218594,2.663239489638087,6.383291464949448,8.318360126567153,6.866266588922489
2.6401021724737914,2.654658188575378,6.390807143316822,8.326392494806013,6.872890735526768
2.643772014062894,2.6458618762736967,6.398322821684195,8.334424863044873,6.8795148821310494
2.6474469568702115,2.636852623996896,6.405838500051569,8.342457231283731,6.88613902873533
2.651127007986628,2.6276325502029927,6.413354178418942,8.350489599522591,6.89276317533961
2.654812174512887,2.618203819907263,6.420869856786316,8.358521967761451,6.899387321943891
2.6585024635596,2.608568644029543,6.42838553515369,8.36655433600031,6.90601146854817
2.6621978822472645,2.5987292787256773,6.435901213521063,8.374586704239169,6.9126356151524515
2.665898437706275,2.588688024703384,6.443416891888437,8.382619072478029,6.919259761756732
2.669604137076937,2.5784472265223912,6.4509325702558105,8.390651440716887,6.925883908361012
2.6733149875094813,2.5680092718791125,6.458448248623185,8.398683808955747,6.932508054965292
2.6770309961640795,2.55737659087585,6.4659639269905576,8.406716177194605,6.9391322015695724
2.680752170210853,2.5465516552746275,6.473479605357932,8.414748545433465,6.945756348173854
2.684478516829893,2.535536977735854,6.480995283725305,8.422780913672323,6.952380494778134
2.68821004321127,2.524335111041841,6.488510962092679,8.430813281911183,6.959004641382414
2.691946756555048,2.5129486473053664,6.496026640460052,8.438845650150043,6.965628787986694
2.6956886640713016,2.5013802171634016,6.503542318827426,8.446878018388901,6.9722529345909745
2.6994357729801255,2.489632488956212,6.5110579971948,8.45491038662776,6.978877081195256
2.7031880905116523,2.477708167891874,6.518573675562173,8.46294275486662,6.985501227799535
2.706945623906063,2.465609995196572,6.526089353929547,8.470975123105479,6.992125374403816
2.710708380413605,2.453340747250673,6.53360503229692,8.479007491344339,6.998749521008096
2.7144763672946017,2.440903234710966,6.541120710664294,8.487039859583199,7.005373667612377
2.718249591819469,2.428300301619108,6.5486363890316674,8.495072227822057,7.011997814216658
2.722028061268731,2.415534824496616,6.556152067399042,8.503104596060917,7.018621960820937
2.725811782933029,2.4026097114266736,6.5636677457664145,8.511136964299777,7.025246107425218
2.7296007641131403,2.38952790112286,6.571183424133789,8.519169332538635,7.031870254029498
2.7333950121199906,2.3762923619852128,6.578699102501162,8.527201700777493,7.038494400633779
2.7371945342746673,2.3629060911438553,6.586214780868536,8.535234069016353,7.04511854723806
2.7409993379084354,2.349372113490451,6.59373045923591,8.543266437255213,7.051742693842339
2.744809430362749,2.335693480697825,6.601246137603283,8.55129880549407,7.05836684044662
2.748624818989269,2.3218732702280707,6.608761815970657,8.55933117373293,7.0649909870509005
2.7524455111498742,2.3079145843294735,6.61627749433803,8.56736354197179,7.071615133655181
2.756271514216677,2.293820549022568,6.623793172705404,8.575395910210649,7.078239280259462
2.7601028355720376,2.2795943130757186,6.631308851072777,8.583428278449508,7.084863426863741
2.763939482608577,2.265239046970617,6.638824529440152,8.591460646688368,7.091487573468022
2.7677814627291935,2.2507579418579913,6.646340207807524,8.599493014927226,7.0981117200723025
2.771628783347075,2.2361542085040527,6.653855886174899,8.607525383166086,7.104735866676583
2.775481451885714,2.2214310762279688,6.6613715645422715,8.615557751404946,7.111360013280864
2.779339475778922,2.2065917918308706,6.668887242909646,8.623590119643804,7.117984159885143
2.783202862470844,2.1916396185167657,6.676402921277019,8.631622487882664,7.124608306489424
2.787071619415972,2.1765778348058893,6.683918599644393,8.639654856121522,7.131232453093705
2.7909457540791607,2.161409733440818,6.691434278011767,8.647687224360382,7.137856599697985
2.7948252739356416,2.1461386202860098,6.69894995637914,8.65571959259924,7.144480746302266
2.7987101864710358,2.130767813221022,6.706465634746514,8.6637519608381,7.151104892906545
2.8026004991813704,2.115300641028095,6.713981313113887,8.67178432907696,7.157729039510826
2.8064962195730927,2.0997404422745407,6.721496991481262,8.679816697315818,7.164353186115107
2.810397355163084,2.084090564190364,6.729012669848634,8.687849065554678,7.170977332719387
2.814303913478673,2.0683543615417954,6.736528348216009,8.695881433793538,7.177601479323668
2.8182159020576534,2.0525351955011457,6.744044026583381,8.703913802032396,7.184225625927947
2.8221333284482966,2.036636432513617,6.751559704950756,8.711946170271256,7.1908497725322285
2.826056200209365,2.020661443161505,6.7590753833181285,8.719978538510116,7.197473919136509
2.829984524910129,2.0046136010264917,6.766591061685503,8.728010906748974,7.204098065740789
2.8339183101303815,1.98849628155051,6.7741067400528765,8.736043274987834,7.210722212345069
2.8378575634604495,1.972312860895758,6.78162241842025,8.744075643226692,7.217346358949349
2.841802292501212,1.9560667148044912,6.789138096787624,8.752108011465552,7.2239705055536305
2.8457525048641132,1.9397612174591294,6.796653775154997,8.76014037970441,7.230594652157911
2.8497082081711786,1.9233997403433205,6.804169453522371,8.76817274794327,7.237218798762191
2.853669410055027,1.9069856511045333,6.811685131889744,8.77620511618213,7.243842945366471
2.857636118158887,1.8905223124187691,6.819200810257119,8.784237484420988,7.2504670919707515
2.861608340136613,1.8740130808580555,6.826716488624491,8.792269852659848,7.257091238575033
2.865586083652697,1.8574613057612932,6.834232166991866,8.800302220898708,7.263715385179312
2.869569356382286,1.840870328109058,6.841747845359238,8.808334589137566,7.270339531783593
2.873558166011195,1.8242434794030236,6.849263523726613,8.816366957376426,7.276963678387873
2.8775525202359233,1.8075840805505934,6.856779202093986,8.824399325615286,7.2835878249921535
2.8815524267636676,1.7908954407553768,6.86429488046136,8.832431693854144,7.290211971596435
2.8855578933123387,1.7741808564140933,6.8718105588287335,8.840464062093004,7.296836118200714
2.8895689276105756,1.7574436100206103,6.879326237196107,8.848496430331862,7.303460264804995
2.89358553739776,1.7406869690776268,6.886841915563481,8.856528798570722,7.310084411409275
2.8976077304240317,1.7239141850167083,6.894357593930854,8.86456116680958,7.316708558013556
2.901635514450304,1.7071284921272654,6.901873272298229,8.87259353504844,7.323332704617837
2.9056688972482774,1.6903331064950489,6.909388950665601,8.8806259032873,7.329956851222116
2.9097078866004558,1.6735312249508554,6.916904629032976,8.888658271526158,7.336580997826397
2.9137524903001606,1.6567260240299546,6.924420307400348,8.896690639765017,7.343205144430677
2.917802716151548,1.6399206589429276,6.931935985767723,8.904723008003877,7.349829291034958
2.921858571969619,1.6231182625584601,6.939451664135095,8.912755376242735,7.356453437639239
2.925920065580241,1.6063219443986823,6.94696734250247,8.920787744481595,7.363077584243518
2.9299872048201574,1.5895347896476824,6.954483020869843,8.928820112720455,7.369701730847799
2.9340599975370063,1.5727598581737154,6.961998699237217,8.936852480959313,7.3763258774520795
2.9381384515893343,1.556000183565729,6.9695143776045905,8.944884849198173,7.38295002405636
2.94222257484661,1.5392587721847182,6.977030055971964,8.952917217437031,7.389574170660641
2.9463123751892435,1.5225386022304859,6.9845457343393385,8.960949585675891,7.39619831726492
2.950407860508596,1.5058426228243866,6.992061412706711,8.96898195391475,7.402822463869201
2.954509038707001,1.4891737531084774,6.9995770910740855,8.97701432215361,7.4094466104734815
2.958615917697774,1.4725348813617514,7.007092769441458,8.985046690392469,7.416070757077762
2.9627285054052326,1.455928864133794,7.014608447808833,8.993079058631327,7.422694903682043
2.966846809764707,1.4393585253965118,7.022124126176205,9.001111426870187,7.429319050286322
2.9709708387225597,1.4228266557143125,7.02963980454358,9.009143795109047,7.435943196890603
2.975100600236199,1.4063360114332446,7.037155482910953,9.017176163347905,7.442567343494884
2.979236102274092,1.389889313889587,7.044671161278327,9.025208531586765,7.449191490099164
2.983377352815785,1.3734892486382457,7.0521868396457,9.033240899825625,7.455815636703445
2.987524359851915,1.3571384647014981,7.059702518013074,9.041273268064483,7.462439783307724
2.9916771313842268,1.3408395738383792,7.0672181963804475,9.049305636303343,7.469063929912005
2.9958356754255866,1.3245951498352475,7.074733874747821,9.057338004542203,7.475688076516286
3.0,1.30840772781773,7.082249553115195,9.06537037278106,7.482312223120566
3.004170113142626,1.292279803584622,7.089765231482568,9.073402741019919,7.488936369724846
3.008346022899793,1.2762138329639052,7.0972809098499425,9.081435109258779,7.495560516329126
3.012527737329014,1.2602122311913284,7.104796588217315,9.089467477497639,7.5021846629334075
3.016715264499001,1.2442773723118363,7.11231226658469,9.097499845736497,7.508808809537688
3.0209086124896833,1.2284115886041065,7.119827944952063,9.105532213975357,7.515432956141968
3.0251077893922225,1.212617170028535,7.127343623319437,9.113564582214217,7.522057102746248
3.029312803309024,1.1968963636988905,7.13485930168681,9.121596950453075,7.528681249350528
3.0335236623537587,1.1812513733778505,7.142374980054184,9.129629318691935,7.5353053959548095
3.0377403746513756,1.1656843589967314,7.149890658421557,9.137661686930795,7.541929542559089
3.0419629483381154,1.150197436199523,7.157406336788931,9.145694055169653,7.54855368916337
3.0461913915615306,1.1347926759114406,7.164922015156305,9.153726423408513,7.55517783576765
3.050425712480499,1.1194721039321869,7.172437693523678,9.161758791647372,7.5618019823719305
3.0546659192652394,1.1042377005540522,7.179953371891052,9.16979115988623,7.568426128976212
3.058912020097326,1.089091400204926,7.187469050258425,9.177823528125089,7.575050275580491
3.0631640231697075,1.0740350911164096,7.1949847286257995,9.185855896363949,7.581674422184772
3.067421936686721,1.059070615017056,7.202500406993173,9.193888264602808,7.588298568789052
3.0716857688641066,1.0441997668508245,7.210016085360547,9.201920632841667,7.5949227153933325
3.075955527929026,1.029424294520772,7.21753176372792,9.209953001080526,7.601546861997614
3.080231222120076,1.0147458986580429,7.225047442095294,9.217985369319386,7.608171008601893
3.0845128596873064,1.0001662324161196,7.232563120462667,9.226017737558244,7.614795155206174
3.0888004488922336,0.9856869012903524,7.240078798830041,9.234050105797104,7.621419301810454
3.0930939980078587,0.9713094629627005,7.247594477197415,9.242082474035964,7.628043448414735
3.0973935153186822,0.9570354271716814,7.255110155564788,9.250114842274822,7.634667595019016
3.1016990091207206,0.9428662556073605,7.262625833932162,9.258147210513682,7.641291741623295
3.106010487721522,0.928803361831408,7.270141512299535,9.266179578752542,7.647915888227576
3.110327959440183,0.9148481112220106,7.277657190666909,9.2742119469914,7.654540034831856
3.114651432607363,0.9010018209435315,7.285172869034282,9.282244315230258,7.661164181436137
3.1189809155653014,0.8872657599408154,7.2926885474016565,9.29027668346912,7.667788328040418
3.1233164166678344,0.8736411489578775,7.30020422576903,9.298309051707978,7.674412474644697
3.12765794428041,0.8601291605808745,7.307719904136404,9.306341419946836,7.681036621248978
3.1320055067801045,0.8467309193051111,7.315235582503777,9.314373788185696,7.6876607678532585
3.136359112555638,0.8334475016258265,7.322751260871151,9.322406156424556,7.694284914457539
3.1407187700073926,0.820279936152588,7.330266939238524,9.330438524663414,7.70090906106182
3.145084487547426,0.8072292037469782,7.337782617605898,9.338470892902274,7.707533207666099
3.14945627359949,0.7942962376833145,7.345298295973272,9.346503261141134,7.71415735427038
3.1538341365990443,0.7814819238321125,7.352813974340645,9.354535629379992,7.7207815008746605
3.158218084993276,0.7687871008659719,7.360329652708019,9.362567997618852,7.727405647478941
3.162608127241113,0.7562125604875753,7.367845331075392,9.370600365857712,7.734029794083222
3.167004271813241,0.743759047679461,7.375361009442766,9.37863273409657,7.740653940687501
3.1714065271921212,0.7314272609751712,7.382876687810139,9.386665102335428,7.747278087291782
3.175814901872006,0.7192178527514788,7.3903923661775135,9.39469747057429,7.753902233896063
3.180229404358955,0.7071314295412511,7.397908044544886,9.402729838813148,7.760526380500343
3.1846500431708495,0.695168552366582,7.405423722912261,9.410762207052006,7.767150527104623
3.1890768268374132,0.6833297370917497,7.412939401279635,9.418794575290866,7.773774673708903
3.1935097639002263,0.6716154547956311,7.420455079647008,9.426826943529726,7.780398820313184
3.197948862912741,0.6600261321631042,7.427970758014382,9.434859311768584,7.787022966917465
3.202394132440301,0.6485621518949649,7.435486436381755,9.442891680007444,7.793647113521745
3.2068455810601533,0.6372238531359917,7.443002114749129,9.450924048246303,7.800271260126025
3.2113032173614715,0.6260115319205706,7.450517793116502,9.458956416485162,7.806895406730305
3.2157670499453634,0.6149254416355182,7.458033471483876,9.466988784724021,7.8135195533345865
3.220237087424897,0.6039657934995262,7.465549149851249,9.475021152962881,7.820143699938866
3.2247133384251114,0.593132757058798,7.473064828218623,9.48305352120174,7.826767846543147
3.229195811583034,0.5824264606983274,7.480580506585996,9.491085889440598,7.833391993147427
3.233684515547699,0.5718469921683553,7.4880961849533705,9.49911825767946,7.840016139751707
3.2381794589801633,0.5613943991254254,7.495611863320745,9.507150625918317,7.8466402863559885
3.242680650553522,0.5510686896875817,7.503127541688118,9.515182994157176,7.853264432960268
3.2471880989529267,0.5408698330031344,7.510643220055492,9.523215362396035,7.859888579564549
3.251701812875601,0.5307977598324696,7.518158898422865,9.531247730634895,7.866512726168829
3.2562218010308586,0.5208523631423566,7.525674576790239,9.539280098873753,7.8731368727731095
3.26074807214012,0.5110334987122416,7.533190255157612,9.547312467112613,7.879761019377391
3.265280634936928,0.501340985751934,7.540705933524986,9.555344835351473,7.88638516598167
3.2698194981669655,0.49177460753016994,7.548221611892359,9.563377203590331,7.893009312585951
3.2743646705880733,0.48233411201347753,7.555737290259733,9.571409571829191,7.899633459190231
3.2789161609702635,0.47301921251480594,7.563252968627106,9.579441940068051,7.9062576057945115
3.2834739780957407,0.46382958835135724,7.57076864699448,9.58747430830691,7.912881752398793
3.2880381307589164,0.45476488551105,7.578284325361855,9.595506676545767,7.919505899003072
3.2926086277664277,0.44582471732708673,7.5858000037292275,9.603539044784629,7.926130045607353
3.297185477937152,0.4370086651600476,7.593315682096602,9.611571413023487,7.932754192211633
3.3017686901022256,0.42831627908694964,7.600831360463975,9.619603781262345,7.939378338815914
3.306358273105062,0.4197470785967471,7.608347038831349,9.627636149501205,7.946002485420195
3.310954235801364,0.4113005532916845,7.615862717198722,9.635668517740065,7.952626632024474
3.315556587059147,0.4029761635939788,7.623378395566096,9.643700885978923,7.959250778628755
3.320165335758752,0.39477334145727555,7.630894073933469,9.651733254217783,7.965874925233035
3.3247804907928655,0.3866914910823331,7.638409752300843,9.659765622456643,7.972499071837316
3.3294020610665327,0.3787299896363975,7.645925430668216,9.667797990695501,7.979123218441597
3.3340300554971796,0.3708881879757399,7.65344110903559,9.67583035893436,7.985747365045876
3.3386644830146266,0.3631654113708166,7.660956787402965,9.68386272717322,7.992371511650157
3.343305352561106,0.355560960233538,7.668472465770337,9.691895095412079,7.9989956582544375
3.3479526730912816,0.3480741108461053,7.675988144137712,9.699927463650937,8.005619804858718
3.3526064535722644,0.3407041160909452,7.6835038225050845,9.707959831889799,8.012243951462999
3.357266702983629,0.3334502061811886,7.691019500872459,9.715992200128657,8.018868098067278
3.3619334303174337,0.3263115893912263,7.6985351792398315,9.724024568367515,8.02549224467156
3.366606644578234,0.3192874527868415,7.706050857607206,9.732056936606375,8.032116391275839
3.3712863547831042,0.31237696295442885,7.713566535974579,9.740089304845235,8.03874053788012
3.37597256996165,0.30557926672884034,7.721082214341953,9.748121673084093,8.045364684484401
3.3806652991560306,0.2988934919193631,7.728597892709326,9.756154041322953,8.05198883108868
3.385364551420974,0.2923187480334122,7.7361135710767,9.764186409561812,8.058612977692961
3.3900703358237942,0.2858541269974489,7.743629249444073,9.77221877780067,8.06523712429724
3.3947826614444097,0.2794987038747064,7.751144927811447,9.78025114603953,8.071861270901522
3.399501537375359,0.27325153757929577,7.758660606178822,9.78828351427839,8.078485417505803
3.404226972721822,0.26711167158624904,7.766176284546194,9.796315882517248,8.085109564110082
3.4089589766016317,0.2610781346371258,7.773691962913569,9.804348250756108,8.091733710714363
3.4136975581452984,0.2551499414407421,7.7812076412809414,9.812380618994968,8.098357857318643
3.4184427264960227,0.2493260933686712,7.788723319648316,9.820412987233826,8.104982003922924
3.4231944908097143,0.24360557914511644,7.7962389980156885,9.828445355472684,8.111606150527205
3.4279528602550116,0.23798737553078567,7.803754676383063,9.836477723711544,8.118230297131484
3.4327178440132955,0.23247044800043404,7.811270354750436,9.844510091950404,8.124854443735765
3.437489451278712,0.22705375141370562,7.81878603311781,9.852542460189262,8.131478590340045
3.4422676912581838,0.22173623067896403,7.826301711485183,9.860574828428122,8.138102736944326
3.447052573171435,0.21651682140976433,7.833817389852557,9.868607196666982,8.144726883548607
3.4518441062510035,0.21139445057368553,7.841333068219932,9.87663956490584,8.151351030152886
3.4566422997422612,0.20636803713320942,7.848848746587304,9.8846719331447,8.157975176757168
3.461447162903432,0.20143649267835553,7.856364424954679,9.89270430138356,8.164599323361447
3.4662587050056084,0.19659872205081874,7.863880103322051,9.900736669622418,8.171223469965728
3.4710769353327713,0.19185362395932612,7.871395781689426,9.908769037861278,8.17784761657001
3.4759018631818037,0.187200091585978,7.878911460056798,9.916801406100138,8.184471763174288
3.4807334978625146,0.18263701318332748,7.886427138424173,9.924833774338996,8.191095909778568
3.4855718486976532,0.1781632726619831,7.8939428167915455,9.932866142577854,8.197720056382849
3.490416925022927,0.1737777501685046,7.90145849515892,9.940898510816714,8.20434420298713
3.4952687361870214,0.16947932265341006,7.908974173526293,9.948930879055574,8.210968349591411
3.5001272915516157,0.165266864429094,7.916489851893667,9.956963247294432,8.21759249619569
3.5049926004914047,0.16113924771747676,7.9240055302610415,9.964995615533292,8.22421664279997
3.50986467239411,0.1570953431872319,7.931521208628414,9.973027983772152,8.230840789404251
3.5147435166605066,0.153134020480426,7.939036886995789,9.98106035201101,8.237464936008532
3.519629142704435,0.14925414872843562,7.946552565363161,9.98909272024987,8.244089082612813
3.5245215599528223,0.14545459705701225,7.954068243730536,9.99712508848873,8.250713229217093
3.5294207778456985,0.1417342350803739,7.961583922097908,10.005157456727588,8.257337375821372
3.5343268058362165,0.13809193338421571,7.969099600465283,10.013189824966448,8.263961522425653
3.5392396533906676,0.13452656399755178,7.976615278832655,10.021222193205308,8.270585669029934
3.5441593299885037,0.13103700085329012,7.98413095720003,10.029254561444166,8.277209815634215
3.5490858451223524,0.1276221202374829,7.9916466355674025,10.037286929683024,8.283833962238495
3.5540192082980364,0.1242808012271788,7.999162313934777,10.045319297921885,8.290458108842774
3.558959429034593,0.121011926116829,8.00667799230215,10.053351666160744,8.297082255447055
3.56390651686429,0.11781438083320739,8.014193670669524,10.061384034399602,8.303706402051336
3.568860481332645,0.1146870553388133,8.021709349036898,10.069416402638462,8.310330548655617
3.5738213319984475,0.1116288440237328,8.029225027404271,10.077448770877321,8.316954695259897
3.578789078433769,0.10863864608595361,8.036740705771646,10.08548113911618,8.323578841864176
3.58376373022399,0.1057153659001289,8.044256384139018,10.09351350735504,8.330202988468457
3.5887452969678146,0.10285791337480037,8.051772062506393,10.1015458755939,8.336827135072738
3.593733788277289,0.10006520429809589,8.059287740873765,10.109578243832757,8.34345128167702
3.5987292137778204,0.09733616067193514,8.06680341924114,10.117610612071617,8.350075428281299
3.603731583108197,0.09466971103476916,8.074319097608512,10.125642980310477,8.356699574885578
3.6087409059206026,0.09206479077291319,8.081834775975887,10.133675348549335,8.36332372148986
3.61375719188064,0.08952034242050533,8.08935045434326,10.141707716788193,8.36994786809414
3.6187804506673467,0.08703531594817489,8.096866132710634,10.149740085027055,8.376572014698421
3.6238106919732154,0.08460866904047346,8.104381811078008,10.157772453265913,8.3831961613027
3.628847925504211,0.08223936736215046,8.111897489445381,10.165804821504771,8.38982030790698
3.63389216097979,0.07992638481336137,8.119413167812755,10.173837189743631,8.396444454511261
3.638943408132919,0.07766870377389219,8.126928846180128,10.181869557982491,8.403068601115542
3.644001676710096,0.07546531533650529,8.134444524547503,10.18990192622135,8.409692747719824
3.649066976471363,0.07331521952950958,8.141960202914875,10.19793429446021,8.416316894324103
3.654139317190331,0.07121742552866447,8.14947588128225,10.205966662699069,8.422941040928382
3.6592187086541985,0.06917095185853621,8.156991559649622,10.213999030937927,8.429565187532663
3.664305160663766,0.06717482658343223,8.164507238016997,10.222031399176787,8.436189334136944
3.6693986830334584,0.06522808748803835,8.17202291638437,10.230063767415647,8.442813480741226
3.6744992855913434,0.06332978224789788,8.179538594751744,10.238096135654505,8.449437627345505
3.679606978179148,0.06147896858986669,8.187054273119118,10.246128503893363,8.456061773949784
3.6847217706522826,0.05967471444269236,8.194569951486491,10.254160872132225,8.462685920554065
3.689843672879855,0.05791609807786594,8.202085629853865,10.262193240371083,8.469310067158347
3.694972694744693,0.05620220824089679,8.209601308221238,10.270225608609941,8.475934213762628
3.700108846143359,0.05453214427317147,8.217116986588612,10.278257976848801,8.482558360366907
3.7052521369861755,0.05290501622455243,8.224632664955985,10.28629034508766,8.489182506971186
3.7104025771972386,0.051319944956886736,8.23214834332336,10.294322713326519,8.495806653575467
3.715560176714441,0.04977606223858739,8.239664021690732,10.302355081565379,8.502430800179749
3.720724945489486,0.048272510830464174,8.247179700058107,10.310387449804239,8.50905494678403
3.7258968934879135,0.04680844456296803,8.25469537842548,10.318419818043097,8.515679093388309
3.7310760306891146,0.04538302840503554,8.262211056792854,10.326452186281957,8.522303239992588
3.7362623670863524,0.043995438524705756,8.269726735160226,10.334484554520817,8.52892738659687
3.741455912686781,0.04264486234169038,8.2772424135276,10.342516922759675,8.53555153320115
3.746656677511466,0.041330498572082444,8.284758091894975,10.350549290998533,8.54217567980543
3.7518646715953987,0.04005155726538534,8.292273770262348,10.358581659237394,8.548799826409711
3.7570799049875236,0.038807259834045364,8.299789448629722,10.366614027476253,8.55542397301399
3.762302387750752,0.03759683907568104,8.307305126997095,10.37464639571511,8.562048119618272
3.7675321299619826,0.0364195391881887,8.31482080536447,10.38267876395397,8.568672266222553
3.7727691417121227,0.03527461577792069,8.322336483731842,10.39071113219283,8.575296412826832
3.7780134331061057,0.03416133586111666,8.329852162099217,10.398743500431689,8.581920559431113
3.78326501426291,0.0330789778587855,8.33736784046659,10.406775868670548,8.588544706035393
3.7885238953155826,0.032026831585218976,8.344883518833964,10.414808236909408,8.595168852639674
3.7937900864112524,0.031004198230336764,8.352399197201336,10.422840605148266,8.601792999243955
3.799063597711155,0.030010390336038747,8.35991487556871,10.430872973387126,8.608417145848234
3.804344439390651,0.029044731766766987,8.367430553936085,10.438905341625986,8.615041292452515
3.8096326216392438,0.02810655767445585,8.374946232303458,10.446937709864844,8.621665439056795
3.814928154660602,0.027195214458061574,8.382461910670832,10.454970078103704,8.628289585661076
3.820231048672578,0.026310059717859244,8.389977589038205,10.463002446342564,8.634913732265357
3.825541313907224,0.02545046220468904,8.39749326740558,10.471034814581422,8.641537878869636
3.8308589606108185,0.0246158017643394,8.405008945772952,10.47906718282028,8.648162025473917
3.836183999043882,0.02380546927724771,8.412524624140326,10.48709955105914,8.654786172078197
3.8415164394811967,0.023018866593703478,8.420040302507699,10.495131919298,8.661410318682478
3.8468562922118283,0.022255406464728646,8.427555980875074,10.503164287536858,8.668034465286759
3.852203567539144,0.021514512468819504,8.435071659242446,10.511196655775718,8.674658611891038
3.8575582757808324,0.020795618934721437,8.44258733760982,10.519229024014578,8.681282758495318
3.862920427268927,0.02009817086041295,8.450103015977195,10.527261392253436,8.687906905099599
3.8682900323498175,0.019421623828472775,8.457618694344568,10.535293760492296,8.69453105170388
3.8736671013842816,0.018765443917996966,8.465134372711942,10.543326128731156,8.701155198308161
3.879051644747495,0.018129107613236318,8.472650051079315,10.551358496970014,8.70777934491244
3.8844436728290574,0.017512101709118325,8.48016572944669,10.559390865208874,8.71440349151672
3.889843196033009,0.016913923213817624,8.487681407814062,10.567423233447734,8.721027638121
3.895250224777854,0.01633407924853367,8.495197086181436,10.575455601686592,8.727651784725282
3.9006647694965753,0.015772086944635978,8.502712764548809,10.58348796992545,8.734275931329563
3.9060868406366605,0.015227473338329094,8.510228442916183,10.59152033816431,8.740900077933842
3.91151644866012,0.014699775262991852,8.517744121283556,10.59955270640317,8.747524224538122
3.916953604043505,0.014188539239338951,8.52525979965093,10.607585074642028,8.754148371142403
3.9223983172779313,0.013693321363552998,8.532775478018303,10.615617442880888,8.760772517746684
3.9278505988690964,0.013213687193528636,8.540291156385678,10.623649811119748,8.767396664350965
3.9333104593373016,0.012749211633370689,8.547806834753052,10.631682179358606,8.774020810955244
3.938777909217473,0.012299478816284338,8.555322513120425,10.639714547597466,8.780644957559524
3.944252959059177,0.011864081985990536,8.5628381914878,10.647746915836326,8.787269104163805
3.9497356194266486,0.011442623376798492,8.570353869855172,10.655779284075184,8.793893250768086
3.9552259008988053,0.011034714092465061,8.577869548222546,10.663811652314044,8.800517397372367
3.9607238140692695,0.010639973983963652,8.585385226589919,10.671844020552903,8.807141543976647
3.96622936954639,0.010258031526286347,8.592900904957293,10.679876388791762,8.813765690580926
3.971742577953263,0.009888523694398068,8.600416583324666,10.68790875703062,8.820389837185207
3.9772634499277464,0.009531095838457246,8.60793226169204,10.695941125269481,8.827013983789488
3.98279199612249,0.009185401558416448,8.615447940059413,10.70397349350834,8.83363813039377
3.9883282272049487,0.008851102578111262,8.622963618426787,10.712005861747198,8.840262276998049
3.9938721538574065,0.008527868618944712,8.630479296794162,10.720038229986057,8.846886423602328
3.999423786776996,0.008215377273267871,8.637994975161535,10.728070598224917,8.853510570206609
4.00498313667572,0.00791331387755871,8.645510653528909,10.736102966463775,8.86013471681089
4.010550214280469,0.007621371385493307,8.653026331896282,10.744135334702635,8.866758863415171
4.016125030333048,0.007339250241003965,8.660542010263656,10.752167702941495,8.87338301001945
4.021707595590188,0.0070666582514139235,8.668057688631029,10.760200071180353,8.88000715662373
4.027297920823578,0.006803310460734991,8.675573366998403,10.768232439419213,8.886631303228011
4.032896016819877,0.006548929023213123,8.683089045365776,10.776264807658073,8.893255449832292
4.0385018943807385,0.0063032430772009184,8.69060472373315,10.784297175896931,8.899879596436573
4.044115564322831,0.006065988619436415,8.698120402100523,10.79232954413579,8.906503743040853
4.049737037477859,0.00583690837980096,8.705636080467897,10.800361912374651,8.913127889645132
4.0553663246925815,0.0056157516966296814,8.713151758835272,10.80839428061351,8.919752036249413
4.061003436828836,0.005402274392641115,8.720667437202644,10.816426648852367,8.926376182853694
4.066648384763559,0.005196238651553153,8.728183115570019,10.824459017091227,8.933000329457975
4.072301179388806,0.004997412895447618,8.735698793937392,10.832491385330087,8.939624476062255
4.077961831611773,0.004805571662943235,8.743214472304766,10.840523753568945,8.946248622666534
4.083630352354817,0.00462049548823426,8.750730150672139,10.848556121807805,8.952872769270815
4.089306752555478,0.00444197078104886,8.758245829039513,10.856588490046665,8.959496915875096
4.094991043166499,0.004269789707579572,8.765761507406886,10.864620858285523,8.966121062479377
4.100683235155847,0.004103750072433929,8.77327718577426,10.872653226524383,8.972745209083657
4.1063833395067375,0.003943655201652108,8.780792864141633,10.880685594763243,8.979369355687936
4.11209136721765,0.003789313826835295,8.788308542509007,10.888717963002101,8.985993502292217
4.117807329302354,0.0036405399704257653,8.79582422087638,10.896750331240959,8.992617648896498
4.12353123678993,0.0034971528321779554,8.803339899243754,10.90478269947982,8.99924179550078
4.129263100724787,0.0033589766768560474,8.810855577611129,10.912815067718679,9.005865942105059
4.135002932166684,0.003225840723193182,8.818371255978501,10.920847435957537,9.012490088709338
4.140750742190759,0.003097579034142486,8.825886934345876,10.928879804196397,9.01911423531362
4.146506541887542,0.0029740304084509665,8.833402612713249,10.936912172435257,9.0257383819179
4.1522703423629785,0.002855038273582024,8.840918291080623,10.944944540674115,9.032362528522182
4.158042154738453,0.002740450580012687,8.848433969447996,10.952976908912975,9.038986675126461
4.16382199015081,0.002630119696927769,8.85594964781537,10.961009277151835,9.04561082173074
4.169609859752371,0.0025239023093325303,8.863465326182743,10.969041645390693,9.052234968335021
4.175405774710964,0.002421659316602178,8.870981004550117,10.977074013629553,9.058859114939303
4.181209746209937,0.0023232557324856995,8.87849668291749,10.985106381868412,9.065483261543584
4.187021785448186,0.002228560586578895,8.886012361284864,10.99313875010727,9.072107408147863
4.192841903640172,0.002137446827280069,8.893528039652239,11.001171118346129,9.078731554752142
4.198670112015947,0.0020497912262399504,8.901043718019611,11.00920348658499,9.085355701356423
4.204506421821171,0.001965474284315755,8.908559396386986,11.017235854823848,9.091979847960705
4.2103508443171345,0.0018843801390375481,8.916075074754358,11.025268223062707,9.098603994564984
4.216203390780786,0.0018063964735934765,8.923590753121733,11.033300591301566,9.105228141169265
4.222064072504746,0.001731414427339348,8.931106431489106,11.041332959540426,9.111852287773544
4.227932900797333,0.0016593285078358292,8.93862210985648,11.049365327779284,9.118476434377826
4.233809886982585,0.0015900365044155993,8.946137788223853,11.057397696018144,9.125100580982107
4.239695042400281,0.0015234394032812555,8.953653466591227,11.065430064257004,9.131724727586386
4.2455883784059605,0.001459441304133708,8.9611691449586,11.073462432495862,9.138348874190667
4.251489906370951,0.001397949338328986,8.968684823325974,11.081494800734722,9.144973020794946
4.2573996376823855,0.0013388735885606756,8.976200501693349,11.089527168973582,9.151597167399228
4.2633175837432224,0.0012821270100639736,8.983716180060721,11.09755953721244,9.158221314003509
4.2692437559722745,0.001227625353335861,8.991231858428096,11.105591905451298,9.164845460607788
4.275178165804226,0.0011752870883653007,8.998747536795468,11.11362427369016,9.17146960721207
4.281120824689656,0.0011250333303660192,9.006263215162843,11.121656641929018,9.178093753816349
4.287071744095059,0.0010767877670037377,9.013778893530215,11.129689010167876,9.18471790042063
4.29303093550287,0.0010304765871084482,9.02129457189759,11.137721378406736,9.19134204702491
4.298998410411484,0.000986028410861843,9.028810250264963,11.145753746645596,9.19796619362919
4.304974180335279,0.0009433742214488218,9.036325928632337,11.153786114884454,9.204590340233471
4.310958256804639,0.0009024472981616099,9.04384160699971,11.161818483123314,9.21121448683775
4.316950651365977,0.0008631831509437591,9.051357285367084,11.169850851362174,9.217838633442032
4.322951375581754,0.00082551945636121,9.058872963734457,11.177883219601032,9.224462780046313
4.328960441030502,0.0007893959949863823,9.066388642101831,11.185915587839892,9.231086926650592
4.334977859306853,0.0007547545901810038,9.073904320469206,11.193947956078752,9.237711073254872
4.341003642021549,0.0007215390482627112,9.081419998836578,11.20198032431761,9.244335219859153
4.347037800801477,0.0006896951000398868,9.088935677203953,11.21001269255647,9.250959366463434
4.353080347289682,0.0006591703436986228,9.096451355571325,11.21804506079533,9.257583513067715
4.359131293145396,0.0006299141890254543,9.1039670339387,11.226077429034188,9.264207659671994
4.365190650044054,0.0006018778029489039,9.111482712306072,11.234109797273046,9.270831806276274
4.3712584296773285,0.000575014056382514,9.118998390673447,11.242142165511906,9.277455952880555
4.377334643753132,0.000549277472351717,9.12651406904082,11.250174533750766,9.284080099484836
4.3834193039956615,0.0005246241753864782,9.134029747408194,11.258206901989624,9.290704246089117
4.389512422145406,0.0005010118421615854,9.141545425775567,11.266239270228484,9.297328392693396
4.395614009959176,0.0004783996533658192,9.149061104142941,11.274271638467344,9.303952539297676
4.401724079210123,0.0004567482467813875,9.156576782510315,11.282304006706202,9.310576685901957
4.407842641687766,0.0004360196715544662,9.164092460877688,11.290336374945062,9.317200832506238
4.413969709198009,0.0004161773436378029,9.171608139245063,11.298368743183921,9.323824979110519
4.420105293563169,0.0003971860023859126,9.179123817612435,11.30640111142278,9.330449125714798
4.426249406621996,0.0003790116682835104,9.18663949597981,11.31443347966164,9.337073272319078
4.432402060229695,0.00036162160178752136,9.194155174347182,11.3224658479005,9.343697418923359
4.43856326625795,0.00034498426326306093,9.201670852714557,11.330498216139357,9.35032156552764
4.4447330365949504,0.0003290692739936413,9.20918653108193,11.338530584378216,9.356945712131921
4.450911383145407,0.00031384737824593015,9.216702209449304,11.346562952617077,9.3635698587362
4.457098317830581,0.0002992904063691471,9.224217887816677,11.354595320855935,9.37019400534048
4.4632938525883015,0.00028537123890952734,9.231733566184051,11.362627689094793,9.37681815194476
4.469497999372995,0.00027206377171996204,9.239249244551425,11.370660057333653,9.383442298549042
4.475710770155703,0.0002593428820451916,9.246764922918798,11.378692425572513,9.390066445153323
4.48193217692411,0.00024718439556291376,9.254280601286172,11.386724793811371,9.396690591757602
4.48816223168256,0.00023556505436123608,9.261796279653545,11.394757162050231,9.403314738361882
4.494400946452085,0.0002244624858329911,9.26931195802092,11.402789530289091,9.409938884966163
4.500648333270429,0.00021385517246756428,9.276827636388292,11.41082189852795,9.416563031570444
4.506904404192066,0.00020372242252101035,9.284343314755667,11.41885426676681,9.423187178174725
4.513169171288227,0.00019404434154530318,9.29185899312304,11.426886635005669,9.429811324779005
4.5194426466469215,0.0001848018047577967,9.299374671490414,11.434919003244527,9.436435471383284
4.525724842372964,0.00017597643023206048,9.306890349857786,11.442951371483385,9.443059617987565
4.532015770587994,0.00016755055289148483,9.31440602822516,11.450983739722247,9.449683764591846
4.538315443430499,0.00015950719928716398,9.321921706592533,11.459016107961105,9.456307911196127
4.544623873055845,0.00015183006314179752,9.329437384959908,11.467048476199963,9.462932057800407
4.550941071636286,0.00014450348164157583,9.336953063327282,11.475080844438823,9.469556204404686
4.557267051361001,0.00013751241245811406,9.344468741694655,11.483113212677683,9.476180351008967
4.563601824436114,0.00013084241148284215,9.35198442006203,11.491145580916541,9.482804497613248
4.569945403084712,0.00012447961125642968,9.359500098429402,11.499177949155401,9.48942864421753
4.576297799546874,0.00011841070007597477,9.367015776796777,11.50721031739426,9.496052790821809
4.582659026079694,0.0001126229017630736,9.37453145516415,11.515242685633119,9.502676937426088
4.589029094957304,0.0001071039560760015,9.382047133531524,11.523275053871979,9.509301084030369
4.595408018470896,0.00010184209974952811,9.389562811898896,11.531307422110839,9.51592523063465
4.601795808928749,9.682604814614188e-05,9.39707849026627,11.539339790349697,9.522549377238931
4.608192478656247,9.204497750271944e-05,9.404594168633643,11.547372158588555,9.52917352384321
4.614598039995912,8.748850775688264e-05,9.412109847001018,11.555404526827417,9.53579767044749
4.62101250530742,8.314668593763165e-05,9.419625525368392,11.563436895066275,9.542421817051771
4.6274358869676275,7.900997010501282e-05,9.427141203735765,11.571469263305133,9.549045963656052
4.633868197370596,7.5069213823922e-05,9.43465688210314,11.579501631543993,9.555670110260333
4.6403094489276135,7.131565115735639e-05,9.442172560470512,11.587533999782853,9.562294256864613
4.646759654067222,6.774088216473084e-05,9.449688238837886,11.59556636802171,9.568918403468892
4.653218825235239,6.43368588911269e-05,9.457203917205259,11.60359873626057,9.575542550073173
4.659686974894782,6.109587183361634e-05,9.464719595572634,11.61163110449943,9.582166696677454
4.666164115526293,5.8010536871078066e-05,9.472235273940006,11.619663472738289,9.588790843281735
4.672650259627561,5.5073782644193085e-05,9.47975095230738,11.627695840977148,9.595414989886015
4.67914541971375,5.227883837255907e-05,9.487266630674753,11.635728209216008,9.602039136490294
4.685649608317419,4.961922209617223e-05,9.494782309042128,11.643760577454866,9.608663283094575
4.692162837988549,4.708872932875586e-05,9.502297987409502,11.651792945693725,9.615287429698856
4.698685121294561,4.4681422110703116e-05,9.509813665776875,11.659825313932586,9.621911576303138
4.7052164708203525,4.2391618449655834e-05,9.51732934414425,11.667857682171444,9.628535722907417
4.711756899168308,4.0213882137037167e-05,9.524845022511622,11.675890050410302,9.635159869511696
4.718306418958336,3.81430129290697e-05,9.532360700878996,11.683922418649162,9.641784016115977
4.724865042827882,3.61740370811154e-05,9.539876379246369,11.691954786888022,9.648408162720258
4.731432783431959,3.430219822442089e-05,9.547392057613743,11.69998715512688,9.655032309324538
4.738009653443172,3.252294857459216e-05,9.554907735981116,11.70801952336574,9.661656455928819
4.744595665551744,3.083194046140387e-05,9.56242341434849,11.7160518916046,9.668280602533098
4.751190832465531,2.9225018169786255e-05,9.569939092715863,11.724084259843458,9.67490474913738
4.7577951669100615,2.769821008207615e-05,9.577454771083238,11.732116628082318,9.68152889574166
4.764408681628546,2.624772111188533e-05,9.584970449450612,11.740148996321178,9.68815304234594
4.771031389381913,2.486992542015878e-05,9.592486127817985,11.748181364560036,9.694777188950221
4.777663302948827,2.3561359404258287e-05,9.60000180618536,11.756213732798894,9.7014013355545
4.784304435125718,2.231871495112318e-05,9.607517484552732,11.764246101037756,9.708025482158781
4.7909547987267995,2.1138832945813468e-05,9.615033162920106,11.772278469276614,9.714649628763063
4.797614406584098,2.001869702695282e-05,9.622548841287479,11.780310837515472,9.721273775367342
4.804283271547481,1.8955427580829135e-05,9.630064519654853,11.788343205754332,9.727897921971623
4.810961406484674,1.7946275966124956e-05,9.637580198022226,11.796375573993192,9.734522068575902
4.817648824281291,1.698861896147587e-05,9.6450958763896,11.80440794223205,9.741146215180184
4.8243455378408555,1.6079953428265137e-05,9.652611554756973,11.81244031047091,9.747770361784465
4.831051560084829,1.5217891181275526e-05,9.660127233124348,11.82047267870977,9.754394508388744
4.837766903952634,1.4400154060034047e-05,9.66764291149172,11.828505046948628,9.761018654993025
4.8444915824016785,1.362456919388173e-05,9.675158589859095,11.836537415187488,9.767642801597304
4.8512256084073835,1.2889064454000722e-05,9.682674268226469,11.844569783426348,9.774266948201586
4.857968994963205,1.2191664085837426e-05,9.690189946593842,11.852602151665206,9.780891094805867
4.86472175508066,1.1530484515541579e-05,9.697705624961216,11.860634519904066,9.787515241410146
4.871483901789354,1.0903730324234862e-05,9.705221303328589,11.868666888142926,9.794139388014425
4.878255448137002,1.0309690384110273e-05,9.712736981695963,11.876699256381784,9.800763534618707
4.885036407189457,9.746734150538152e-06,9.720252660063336,11.884731624620642,9.807387681222988
4.891826792030733,9.213308104537017e-06,9.72776833843071,11.892763992859502,9.814011827827269
4.898626615763032,8.707932340137667e-06,9.735284016798083,11.900796361098362,9.820635974431548
4.9054358915067695,8.229197291340463e-06,9.742799695165457,11.90882872933722,9.827260121035827
4.912254632400598,7.775760593527904e-06,9.75031537353283,11.91686109757608,9.833884267640109
4.919082851601431,7.346344074359778e-06,9.757831051900204,11.92489346581494,9.84050841424439
4.925920562284475,6.93973086933291e-06,9.765346730267579,11.932925834053798,9.84713256084867
4.932767777643246,6.554762657345094e-06,9.772862408634952,11.940958202292657,9.85375670745295
4.939624510889604,6.19033701174717e-06,9.780378087002326,11.948990570531517,9.86038085405723
4.9464907752537695,5.845404862521195e-06,9.787893765369699,11.957022938770375,9.86700500066151
4.953366583984358,5.5189680653596135e-06,9.795409443737073,11.965055307009235,9.873629147265792
4.960251950348397,5.210077073561364e-06,9.802925122104446,11.973087675248095,9.880253293870073
4.967146887631358,4.917828708798554e-06,9.81044080047182,11.981120043486953,9.886877440474352
4.974051409137182,4.641364026935405e-06,9.817956478839193,11.989152411725811,9.893501587078632
4.980965528188295,4.379866275214489e-06,9.825472157206567,11.997184779964671,9.900125733682913
4.987889258125651,4.1325589372451225e-06,9.83298783557394,12.005217148203531,9.906749880287194
4.994822612308742,3.898703862356325e-06,9.840503513941314,12.01324951644239,9.913374026891475
5.001765604115633,3.6775994759899453e-06,9.848019192308689,12.02128188468125,9.919998173495754
5.008718246942987,3.468579067927857e-06,9.855534870676061,12.02931425292011,9.926622320100034
5.015680554206083,3.2710091552584293e-06,9.863050549043436,12.037346621158967,9.933246466704315
5.022652539338853,3.084287917095193e-06,9.870566227410809,12.045378989397827,9.939870613308596
5.0296342157939,2.9078436981667277e-06,9.878081905778183,12.053411357636687,9.946494759912877
5.036625597042527,2.7411335785003825e-06,9.885597584145556,12.061443725875545,9.953118906517156
5.043626696574766,2.583642006520123e-06,9.89311326251293,12.069476094114405,9.959743053121436
5.0506375278993945,2.4348794929761507e-06,9.900628940880303,12.077508462353265,9.966367199725717
5.057658104543973,2.294381363218376e-06,9.908144619247677,12.085540830592123,9.972991346329998
5.064688440054861,2.1617065654149894e-06,9.91566029761505,12.093573198830981,9.979615492934279
5.071728547997256,2.036436532406819e-06,9.923175975982424,12.101605567069843,9.986239639538558
5.078778441955201,1.918174094972998e-06,9.930691654349797,12.109637935308701,9.992863786142838
5.085838135531629,1.8065424443657122e-06,9.938207332717171,12.117670303547559,9.999487932747119
5.092907642348378,1.7011841420525304e-06,9.945723011084546,12.125702671786419,10.0061120793514
5.099986976046225,1.601760174681844e-06,9.953238689451918,12.133735040025279,10.012736225955681
5.107076150284904,1.5079490523624258e-06,9.960754367819293,12.141767408264137,10.01936037255996
5.114175178743135,1.4194459484201666e-06,9.968270046186666,12.149799776502997,10.02598451916424
5.121284075118658,1.3359618788655878e-06,9.97578572455404,12.157832144741857,10.032608665768521
5.128402853128249,1.2572229198740603e-06,9.983301402921413,12.165864512980715,10.039232812372802
5.135531526507753,1.182969461645602e-06,9.990817081288787,12.173896881219575,10.045856958977083
5.142670109012107,1.1129554970749544e-06,9.99833275965616,12.181929249458435,10.052481105581363
5.149818614415367,1.0469479437243824e-06,10.005848438023534,12.189961617697293,10.059105252185642
5.156977056510739,9.847259976501796e-07,10.013364116390907,12.19799398593615,10.065729398789923
5.164145449110599,9.260805176916588e-07,10.020879794758281,12.206026354175012,10.072353545394204
5.171323806046522,8.708134388867105e-07,10.028395473125656,12.21405872241387,10.078977691998485
5.178512141169311,8.187372137307051e-07,10.035911151493028,12.222091090652729,10.085601838602765
5.185710468349025,7.696742800480983e-07,10.043426829860403,12.230123458891589,10.092225985207044
5.192918801474996,7.234565542946464e-07,10.050942508227775,12.238155827130448,10.098850131811325
5.20013715445587,6.799249491569987e-07,10.05845818659515,12.246188195369307,10.105474278415606
5.207365541219623,6.389289143618898e-07,10.065973864962523,12.254220563608166,10.112098425019887
5.214603975713589,6.003259996524259e-07,10.073489543329897,12.262252931847026,10.118722571624167
5.221852471904493,5.639814389310573e-07,10.08100522169727,12.270285300085884,10.125346718228446
5.229111043778475,5.297677546111433e-07,10.088520900064644,12.278317668324744,10.131970864832727
5.236379705341112,4.975643812579618e-07,10.096036578432017,12.286350036563604,10.138595011437008
5.243658470617453,4.6725730763911e-07,10.103552256799391,12.294382404802462,10.14521915804129
5.250947353652041,4.3873873634068464e-07,10.111067935166766,12.30241477304132,10.151843304645569
5.258246368508942,4.1190676014150616e-07,10.118583613534138,12.310447141280182,10.158467451249848
5.265555529271771,3.866650543717663e-07,10.126099291901513,12.31847950951904,10.16509159785413
5.27287485004372,3.629225845154323e-07,10.133614970268885,12.326511877757898,10.17171574445841
5.280204344947583,3.4059332834729125e-07,10.14113064863626,12.334544245996758,10.178339891062691
5.287544028125788,3.195960119262232e-07,10.148646327003632,12.342576614235618,10.18496403766697
5.294893913740422,2.998538587953943e-07,10.156162005371007,12.350608982474476,10.19158818427125
5.302254015973255,2.812943517681695e-07,10.16367768373838,12.358641350713336,10.198212330875531
5.309624349025774,2.6384900670577254e-07,10.171193362105754,12.366673718952196,10.204836477479812
5.317004927119201,2.4745315771856216e-07,10.178709040473127,12.374706087191054,10.211460624084092
5.32439576449453,2.3204575324772653e-07,10.186224718840501,12.382738455429914,10.218084770688373
5.33179687541255,2.1756916250830356e-07,10.193740397207874,12.390770823668774,10.224708917292652
5.339208274153874,2.039689917973361e-07,10.201256075575248,12.398803191907632,10.231333063896933
5.3466299750189625,1.9119391019302904e-07,10.208771753942623,12.40683556014649,10.237957210501214
5.354061992328158,1.7919548419204603e-07,10.216287432309995,12.414867928385352,10.244581357105494
5.361504340421705,1.6792802085237194e-07,10.22380311067737,12.42290029662421,10.251205503709775
5.368957033659785,1.5734841902865234e-07,10.231318789044742,12.430932664863068,10.257829650314054
5.37642008642254,1.4741602830561745e-07,10.238834467412117,12.438965033101928,10.264453796918335
5.383893513110096,1.380925152531535e-07,10.24635014577949,12.446997401340788,10.271077943522616
5.391377328142603,1.293417366437286e-07,10.253865824146864,12.455029769579646,10.277702090126896
5.398871545960251,1.2112961928935873e-07,10.261381502514237,12.463062137818506,10.284326236731177
5.4063761810233055,1.1342404617106208e-07,10.268897180881611,12.471094506057366,10.290950383335456
5.413891247812127,1.0619474854888093e-07,10.276412859248984,12.479126874296224,10.297574529939737
5.42141676082721,9.941320375497303e-08,10.283928537616358,12.487159242535084,10.304198676544019
5.4289527345892035,9.305253838616261e-08,10.291444215983732,12.495191610773944,10.310822823148298
5.436499183638938,8.708743662559959e-08,10.298959894351105,12.503223979012802,10.317446969752579
5.444056122537462,8.149405343582365e-08,10.30647557271848,12.511256347251662,10.324071116356858
5.451623565866058,7.624993237771114e-08,10.313991251085852,12.519288715490521,10.33069526296114
5.45920152822628,7.133392782138747e-08,10.321506929453227,12.52732108372938,10.33731940956542
5.46679002423998,6.672613132625692e-08,10.3290226078206,12.535353451968238,10.3439435561697
5.474389068549334,6.240780197798352e-08,10.336538286187974,12.543385820207098,10.35056770277398
5.481998675816871,5.836130048033464e-08,10.344053964555346,12.551418188445957,10.35719184937826
5.489618860725498,5.457002680957884e-08,10.35156964292272,12.559450556684816,10.363815995982542
5.497249637978538,5.1018361248312546e-08,10.359085321290094,12.567482924923675,10.370440142586823
5.5048910222997485,4.769160862453588e-08,10.366600999657468,12.575515293162535,10.377064289191102
5.512543028433355,4.457594559019207e-08,10.374116678024842,12.583547661401393,10.383688435795381
5.520205671144075,4.165837078147995e-08,10.381632356392215,12.591580029640253,10.390312582399662
5.5278789652171545,3.892665771098094e-08,10.38914803475959,12.599612397879113,10.396936729003944
5.535562925458388,3.6369310248984255e-08,10.396663713126962,12.607644766117971,10.403560875608225
5.54325756669415,3.397552055841699e-08,10.404179391494337,12.615677134356831,10.410185022212504
5.550962903771428,3.173512935450239e-08,10.41169506986171,12.623709502595691,10.416809168816783
5.558678951557844,2.963858836665843e-08,10.419210748229084,12.63174187083455,10.423433315421065
5.566405724941687,2.7676924886247892e-08,10.426726426596456,12.639774239073407,10.430057462025346
5.574143238831943,2.584170828959525e-08,10.43424210496383,12.647806607312267,10.436681608629627
5.5818915081583205,2.4125018431257754e-08,10.441757783331203,12.655838975551127,10.443305755233906
5.589650547871283,2.2519415807793472e-08,10.449273461698578,12.663871343789985,10.449929901838185
5.5974203729420715,2.1017913397319146e-08,10.45678914006595,12.671903712028845,10.456554048442467
5.605200998362741,1.9613950084949507e-08,10.464304818433325,12.679936080267705,10.463178195046748
5.612992439146185,1.8301365588775795e-08,10.4718204968007,12.687968448506563,10.469802341651029
5.620794710326169,1.707437680539518e-08,10.479336175168072,12.696000816745423,10.476426488255308
5.628607826957347,1.592755549815212e-08,10.486851853535446,12.704033184984283,10.483050634859588
5.636431804115308,1.4855807255190024e-08,10.49436753190282,12.712065553223141,10.489674781463869
5.644266656896593,1.3854351648176548e-08,10.501883210270194,12.720097921462001,10.49629892806815
5.65211240041873,1.2918703526133525e-08,10.509398888637566,12.72813028970086,10.502923074672431
5.659969049820258,1.2044655382207691e-08,10.51691456700494,12.736162657939719,10.50954722127671
5.667836620260763,1.1228260734449872e-08,10.524430245372313,12.744195026178577,10.51617136788099
5.675715126920898,1.0465818464747414e-08,10.531945923739688,12.752227394417439,10.52279551448527
5.683604585002423,9.753858062981702e-09,10.53946160210706,12.760259762656297,10.529419661089552
5.6915050097282265,9.08912572626406e-09,10.546977280474435,12.768292130895155,10.536043807693833
5.699416416342357,8.468571265742699e-09,10.55449295884181,12.776324499134015,10.542667954298112
5.707338820110054,7.889335775990332e-09,10.562008637209182,12.784356867372875,10.549292100902392
5.715272236317774,7.348740024368847e-09,10.569524315576556,12.792389235611733,10.555916247506673
5.723216680273227,6.844273520028525e-09,10.577039993943929,12.800421603850593,10.562540394110954
5.731172167305395,6.373584224363876e-09,10.584555672311303,12.808453972089453,10.569164540715235
5.739138712764572,5.934468866782243e-09,10.592071350678676,12.81648634032831,10.575788687319514
5.74711633202239,5.524863831590598e-09,10.59958702904605,12.82451870856717,10.582412833923794
5.755105040471847,5.142836583645034e-09,10.607102707413423,12.83255107680603,10.589036980528075
5.763104853527335,4.786577602158756e-09,10.614618385780798,12.840583445044889,10.595661127132356
5.771115786624677,4.454392793723305e-09,10.62213406414817,12.848615813283747,10.602285273736637
5.77913785522115,4.1446963571704044e-09,10.629649742515545,12.856648181522608,10.608909420340916
5.787171074795519,3.856004074400281e-09,10.63716542088292,12.864680549761466,10.615533566945196
5.795215460848063,3.5869270027134833e-09,10.644681099250292,12.872712918000325,10.622157713549477
5.803271028900607,3.3361655455284245e-09,10.652196777617666,12.880745286239184,10.628781860153758
5.811337794496555,3.102503879640985e-09,10.659712455985039,12.888777654478044,10.63540600675804
5.8194157732009115,2.8848047183868776e-09,10.667228134352413,12.896810022716902,10.642030153362319
5.827504980600321,2.6820043912118733e-09,10.674743812719786,12.904842390955762,10.648654299966598
5.835605432303097,2.49310822123944e-09,10.68225949108716,12.912874759194622,10.655278446570879
5.843717143939239,2.317186183449718e-09,10.689775169454533,12.92090712743348,10.66190259317516
5.851840131160483,2.1533688270559835e-09,10.697290847821908,12.92893949567234,10.668526739779441
5.859974409640316,2.0008434465863122e-09,10.70480652618928,12.9369718639112,10.67515088638372
5.8681199950740135,1.858850487048246e-09,10.712322204556655,12.945004232150058,10.681775032988
5.876276903178669,1.7266801693787983e-09,10.719837882924027,12.953036600388916,10.688399179592281
5.88444514969322,1.6036693231633504e-09,10.727353561291402,12.961068968627778,10.695023326196562
5.892624750378486,1.4891984143450891e-09,10.734869239658776,12.969101336866636,10.701647472800843
5.900815721017191,1.3826887563450327e-09,10.742384918026149,12.977133705105494,10.708271619405123
5.909018077414001,1.2835998936733237e-09,10.749900596393523,12.985166073344354,10.714895766009402
5.9172318353955475,1.191427147737961e-09,10.757416274760896,12.993198441583214,10.721519912613683
5.925457010810465,1.1056993151467867e-09,10.76493195312827,13.001230809822072,10.728144059217964
5.933693619529414,1.0259765093577993e-09,10.772447631495643,13.009263178060932,10.734768205822245
5.9419416774451195,9.518481370601058e-10,10.779963309863017,13.017295546299792,10.741392352426525
5.9502012004723985,8.82931001166476e-10,10.78747898823039,13.02532791453865,10.748016499030804
5.958472204548185,8.188675227699262e-10,10.794994666597765,13.03336028277751,10.754640645635085
5.966754705631571,7.593240748607541e-10,10.802510344965137,13.04139265101637,10.761264792239366
5.975048719703831,7.039894210218377e-10,10.810026023332512,13.049425019255228,10.767888938843646
5.9833542627684535,6.525732527157293e-10,10.817541701699886,13.057457387494088,10.774513085447927
5.991671350851173,6.048048191516942e-10,10.825057380067259,13.065489755732946,10.781137232052206
6.0,5.604316440748289e-10,10.832573058434633,13.073522123971806,10.787761378656487
